signal_time,direction,direction_value,close,ema50,ema100,ema_gap,ema_gap_ratio,rsi14,atr14,atr_ratio,spread,spread_atr_ratio,tick_volume,volume_change,candle_body,candle_range,body_ratio,return_1,return_3,return_6,return_12,hour_utc,day_of_week,holding_bars,exit_reason,result
2025-08-04 02:25:00+00:00,BUY,1,147.332,147.227326842117,147.22700350579765,0.0003233363193544392,2.194610263584552e-06,61.2635257138406,0.06008652153925791,0.00040783076004709035,20.0,0.3328533502631347,314.0,0.01948051948051943,0.026999999999986812,0.06999999999999318,0.3857142857141349,0.0001697135913432124,0.0009647394524083808,0.0006724036051699578,0.0007539685235122828,2,0,3,STOP_LOSS,0
2025-08-04 14:40:00+00:00,SELL,-1,147.514,147.6953050571175,147.69702389948893,-0.001718842371417395,-1.1652062661289063e-05,37.63955020292026,0.06793876219543094,0.00046055806361044327,21.0,0.30910189296048596,397.0,0.1574344023323615,-0.030000000000001137,0.054000000000002046,0.5555555555555556,-0.00021010539157528818,0.00025088657892413657,0.00020341189552763872,-0.00167837468361276,14,0,3,TAKE_PROFIT,1
2025-08-05 05:55:00+00:00,BUY,1,147.176,147.01272732317278,147.01105999092073,0.0016673322520546208,1.1328832500235234e-05,62.368636383084706,0.061826220253186716,0.0004200835751290069,20.0,0.3234873475702914,392.0,0.3564013840830449,0.044999999999987494,0.049000000000006594,0.9183673469383967,0.00031264867803981744,-1.358898748460291e-05,0.00018348748547381,0.0008976904872008973,5,1,20,STOP_LOSS,0
2025-08-06 15:35:00+00:00,SELL,-1,147.519,147.58126146286202,147.5824943683445,-0.0012329054824817831,-8.357604664360408e-06,45.45257209686398,0.05053439843183242,0.0003425619644373431,20.0,0.3957700224131229,328.0,-0.009063444108761365,0.027000000000015234,0.060000000000002274,0.4500000000002368,0.00018306077617769034,0.00020340499969484505,-0.0001694409803177921,0.00041367711483952796,15,2,4,TAKE_PROFIT,1
2025-08-07 08:45:00+00:00,SELL,-1,147.268,147.38663159195738,147.38793328563668,-0.0013016936792951128,-8.838944504543504e-06,38.717846957853766,0.05087662084796617,0.000345469625770474,20.0,0.393107868931895,202.0,-0.45108695652173914,-0.05099999999998772,0.06400000000002137,0.796874999999542,-0.00033940183820047043,0.00011544913107552901,-4.0740388663307314e-05,-0.0002986857825568734,8,3,6,TAKE_PROFIT,1
2025-08-07 14:05:00+00:00,BUY,1,147.352,147.22894680639652,147.2279907694806,0.0009560369159089532,6.488116319486354e-06,61.402524389101536,0.06356528244261057,0.00043138391363952013,20.0,0.3146371609070855,615.0,-0.48750000000000004,-0.0049999999999954525,0.044999999999987494,0.11111111111104094,-2.714514509072341e-05,0.00021721422753206987,0.00025116247496859145,-0.00019676891865294532,14,3,11,STOP_LOSS,0
2025-08-07 16:50:00+00:00,SELL,-1,147.216,147.24257181979254,147.24284953839307,-0.00027771860052894226,-1.8864702242211597e-06,48.55500311610686,0.09700695504321673,0.0006589430159983747,20.0,0.20617078426067464,793.0,-0.1323851203501094,-0.002999999999985903,0.05500000000000682,0.05454545454519147,-6.113092205795034e-05,-0.00032594524119944346,-0.00030557988876878106,-5.4338966472777805e-05,16,3,2,STOP_LOSS,0
2025-08-07 16:55:00+00:00,BUY,1,147.265,147.24345135627127,147.24328816139518,0.00016319487608029704,1.1081715009017557e-06,51.83515929626241,0.0956493153972729,0.0006495047390572974,20.0,0.20909715785137997,993.0,0.25220680958385877,0.04999999999998295,0.07800000000000296,0.641025641025398,0.00033284425605906165,0.000849531058855435,0.0006727097291492345,-7.468969825374927e-05,16,3,2,TAKE_PROFIT,1
2025-08-08 05:30:00+00:00,BUY,1,147.218,147.14235106528358,147.14092225095948,0.0014288143241003581,9.705432244021508e-06,53.46584831789553,0.06303906045234875,0.00042820212509576787,20.0,0.31726361174303996,166.0,0.12925170068027203,-0.009000000000014552,0.06999999999999318,0.128571428571649,-5.433822830214208e-05,-6.79218626893352e-05,-0.0001901579669397746,-0.0006584529749177337,5,4,18,STOP_LOSS,0
2025-08-14 15:55:00+00:00,BUY,1,146.941,146.59016955590369,146.58387879851452,0.0062907573891664015,4.2811450780697025e-05,69.72074700315687,0.1170217832720895,0.0007963861908663306,20.0,0.17090835091358703,1142.0,0.04387568555758681,0.018000000000000682,0.11600000000001387,0.15517241379309077,0.00011570607933353294,0.0011105206502337595,0.00316773281812166,0.0031197946533410015,15,3,5,TAKE_PROFIT,1
2025-08-19 05:45:00+00:00,SELL,-1,147.767,147.79435352259242,147.79449942210917,-0.00014589951675247903,-9.873619735968047e-07,49.28957098635603,0.06709165969621259,0.00045403682619402563,20.0,0.29809964592557286,235.0,0.6906474820143884,-0.008000000000009777,0.0619999999999834,0.12903225806470836,-4.060281648199382e-05,0.00015567468052846145,0.00048749111344337237,0.0003384850761929403,5,1,12,STOP_LOSS,0
2025-08-19 06:00:00+00:00,BUY,1,147.824,147.7950962418638,147.79485626896712,0.0002399728966793191,1.6233689839222256e-06,56.091731049618254,0.06240684269408853,0.0004221698959173647,20.0,0.3204776773924904,300.0,0.36986301369863006,0.029000000000024784,0.04099999999999682,0.7073170731713911,0.0001826830043911709,0.00038574241880806603,0.0005414771496643489,0.0007311327141270585,6,1,2,STOP_LOSS,0
2025-08-19 06:05:00+00:00,SELL,-1,147.776,147.79434736963384,147.79448287750242,-0.00013550786857763342,-9.169815706043838e-07,49.70833259719246,0.06180635393022521,0.0004182435167430788,23.0,0.37213002446261906,184.0,-0.3866666666666667,-0.04800000000000182,0.054000000000002046,0.8888888888888888,-0.00032471046650073276,-2.7067262146407423e-05,0.0,0.00031137886685184135,6,1,8,STOP_LOSS,0
2025-08-19 15:30:00+00:00,BUY,1,147.825,147.70966094012368,147.70940894332074,0.0002519968029446318,1.7046967897489045e-06,62.233031741859534,0.056062370074233064,0.000379248233209762,20.0,0.356745531334435,571.0,1.0320284697508897,0.08699999999998909,0.10400000000001342,0.8365384615382487,0.0006024259489900707,0.0008124301817811208,0.0006362916381801309,0.00024359052432854078,15,1,2,STOP_LOSS,0
2025-08-19 17:20:00+00:00,SELL,-1,147.629,147.71339639931645,147.71474786011046,-0.0013514607940123824,-9.154439805271204e-06,41.20829215150223,0.0589405362170296,0.00039924768315865853,20.0,0.3393250432326646,361.0,0.04034582132564846,-0.03100000000000591,0.08500000000000796,0.3647058823529766,-0.00022348336064803576,0.00042014813610080637,-0.00019639978870089614,-0.0014609895498665093,17,1,2,STOP_LOSS,0
2025-08-19 17:40:00+00:00,BUY,1,147.734,147.71636425409625,147.71615036299747,0.00021389109878100498,1.4478122759893117e-06,52.21231025322158,0.0613375586967559,0.00041518918256295705,20.0,0.32606449335352805,342.0,-0.050000000000000044,-0.03499999999999659,0.0759999999999934,0.4605263157894688,-0.00023685617416369098,0.00041307483426233915,0.0006434614160215624,8.800373677408935e-05,17,1,6,STOP_LOSS,0
2025-08-19 18:15:00+00:00,SELL,-1,147.654,147.71435057214342,147.71531783552635,-0.000967263382932515,-6.550878289328532e-06,43.876539964989,0.06772106352352973,0.00045864699583844485,20.0,0.29532908905145866,326.0,-0.3595284872298625,0.01300000000000523,0.0519999999999925,0.25000000000013667,9.482525060966474e-05,-0.0006835640079861927,-0.000724142365035374,-5.417778439953391e-05,18,1,3,STOP_LOSS,0
2025-08-19 18:35:00+00:00,BUY,1,147.765,147.71709954081823,147.71662709628464,0.00047244453358530336,3.197269540048749e-06,55.6693593931828,0.0625918183906595,0.0004235902845102663,20.0,0.31953057946283564,249.0,-0.0945454545454546,0.02199999999999136,0.03200000000001069,0.6874999999995004,0.0001624464434379913,0.0005213693732732949,0.00047394969362524186,-2.706927704743123e-05,18,1,5,STOP_LOSS,0
2025-08-19 19:05:00+00:00,SELL,-1,147.615,147.7124724695418,147.7144317742267,-0.001959304684902463,-1.3273073094891867e-05,38.80921784615198,0.05857411072002387,0.000396803243031019,20.0,0.34144777879082494,480.0,-0.14742451154529312,-0.018999999999977035,0.04599999999999227,0.41304347826043974,-0.0001219239600902533,-0.0007040394262077809,-0.001015125367982761,-0.0005416567927145621,19,1,13,TAKE_PROFIT,1
2025-08-20 04:50:00+00:00,SELL,-1,147.489,147.62355810261704,147.62375026267594,-0.00019216005890143606,-1.3028772240739043e-06,36.59544240373859,0.07121756447938202,0.0004828669560399895,20.0,0.28082959795388873,377.0,-0.246,-0.019000000000005457,0.04200000000000159,0.4523809523810652,-0.00013558494735899096,2.0340913713834397e-05,-0.0009550904287746187,-0.0012054148861966318,4,2,3,STOP_LOSS,0
2025-08-25 03:40:00+00:00,BUY,1,147.424,147.1475172245904,147.14435413254378,0.0031630920466056978,2.145574700595356e-05,67.81650285427696,0.06404358710633787,0.00043441764642349864,20.0,0.3122873171796582,367.0,0.6990740740740742,-0.03899999999998727,0.08900000000002706,0.438202247190735,-0.00027125264471328236,-0.0003864904631781796,7.462028450677671e-05,0.0009301567687576284,3,0,2,STOP_LOSS,0
2025-08-25 09:50:00+00:00,SELL,-1,147.114,147.25275886274383,147.2547613637929,-0.0020025010490769546,-1.3611899948862477e-05,36.02273222821093,0.052659825427922975,0.00035795250912845124,20.0,0.37979616980262454,222.0,-0.1777777777777778,-0.009999999999990905,0.05299999999999727,0.18867924528285698,-6.79698757509728e-05,-0.0005367103055172739,0.0,-0.0014389856508694177,9,0,1,STOP_LOSS,0
2025-08-25 11:05:00+00:00,BUY,1,147.347,147.25467423876046,147.2540099943602,0.0006642444002693537,4.508027990182044e-06,63.07070191173285,0.05590933822976017,0.00037943994943745153,22.0,0.3934941942898824,155.0,-0.4172932330827067,0.0049999999999954525,0.02400000000000091,0.20833333333313597,4.072186288950341e-05,0.00018327450448007987,0.00046850174499946107,0.0009782409325898023,11,0,1,STOP_LOSS,0
2025-08-26 12:25:00+00:00,SELL,-1,147.548,147.63291931485534,147.63339839582062,-0.00047908096527748967,-3.2469499097072796e-06,43.27296804819443,0.05852970495451944,0.0003966824691254333,20.0,0.3417068310106982,367.0,0.06069364161849711,0.0020000000000095497,0.02600000000001046,0.07692307692341327,2.7110556850784562e-05,-0.0002981191392488203,-0.00010165149800411832,-1.3554727211206874e-05,12,1,13,STOP_LOSS,0
2025-08-29 04:45:00+00:00,BUY,1,147.009,146.91478097451534,146.91420767519855,0.0005732993167839595,3.899756591664181e-06,57.91347275683434,0.07107509656800928,0.00048347445780876877,20.0,0.2813925125077065,470.0,0.48734177215189867,0.014999999999986358,0.057999999999992724,0.25862068965496965,0.00010884872068728235,-4.081216202433957e-05,0.0007760645358927398,0.0011918220575615202,4,4,3,STOP_LOSS,0
2025-08-29 05:40:00+00:00,SELL,-1,146.866,146.91480569451463,146.9149353317128,-0.00012963719817093988,-8.826903311245616e-07,43.221448825689144,0.05737451910681243,0.00039065896195724287,21.0,0.36601613968920466,165.0,-0.3096234309623431,0.005000000000023874,0.02199999999999136,0.22727272727390171,4.085523627939125e-05,-0.00011573837680323162,-0.0006056275730665917,-0.0008639867204559559,5,4,6,STOP_LOSS,0
2025-09-02 20:50:00+00:00,BUY,1,148.387,148.30229046353767,148.30149543098665,0.0007950325510250877,5.357831555493997e-06,62.43987020267901,0.05261866375633222,0.00035460426962154515,22.0,0.4181025976234997,215.0,-0.3086816720257235,-0.01300000000000523,0.02200000000001978,0.5909090909087973,-0.00010107680489468418,0.0005259289726180505,0.0008701048172778947,0.0007891009644567237,20,1,13,TAKE_PROFIT,1
2025-09-03 12:55:00+00:00,SELL,-1,148.546,148.6438282690908,148.64553978979225,-0.0017115207014626321,-1.152182287952979e-05,43.015126502094766,0.06742189216544225,0.00045387888038346546,20.0,0.2966395536767684,487.0,0.006198347107438051,0.036000000000001364,0.044999999999987494,0.8000000000002526,0.00024914314957347194,0.0004512422632154678,-0.0007063524631520934,-0.00018845827668378945,12,2,7,STOP_LOSS,0
2025-09-03 15:45:00+00:00,BUY,1,148.783,148.6400549771518,148.63995789818165,9.707897015687195e-05,6.52486978733269e-07,65.39540889829073,0.06364060289909776,0.00042774109205418473,20.0,0.3142647789133931,584.0,0.04847396768402157,0.053999999999973625,0.07800000000000296,0.6923076923073279,0.00034962448985065286,0.0011304377081720052,0.00094185397226898,0.001069813758208582,15,2,1,STOP_LOSS,0
2025-09-04 06:40:00+00:00,BUY,1,148.216,148.09123745824158,148.088771782327,0.002465675914578469,1.663569327588431e-05,65.27022920723726,0.053357253941183395,0.0003599965856667525,20.0,0.37483188362816305,221.0,-0.26821192052980136,0.009000000000014552,0.02400000000000091,0.37500000000059214,6.747365153914053e-05,0.0004657536095906689,0.00028345053788125796,0.0006143459915612937,6,3,11,STOP_LOSS,0
2025-09-10 16:50:00+00:00,SELL,-1,147.341,147.41955971421373,147.420829887338,-0.0012701731242543701,-8.620635968633103e-06,45.11997819182095,0.09099150389849538,0.0006175572576438016,21.0,0.23079077826240055,491.0,-0.27581120943952797,-0.03299999999998704,0.06399999999999295,0.5156249999998542,-0.00023070398642910384,0.00013575797068998696,0.00016291398820222902,-0.0012675559893714494,16,2,85,STOP_LOSS,0
2025-09-11 16:40:00+00:00,SELL,-1,147.415,147.70116471920045,147.70400225025395,-0.002837531053501152,-1.9248591076221228e-05,34.239492280391616,0.11008366560140574,0.0007467602727090578,22.0,0.19984799633815123,766.0,-0.15916575192096594,-0.022999999999996135,0.07499999999998863,0.3066666666666616,-0.00015599777533603643,-0.0005220622135437836,2.0351124738748894e-05,-0.001206019255655777,16,3,5,TAKE_PROFIT,1
2025-09-17 22:30:00+00:00,BUY,1,146.606,146.3320988161945,146.32664103555967,0.005457780634827714,3.722753935601349e-05,57.379725825001564,0.18710683036716355,0.0012762562948799064,22.0,0.11757988715232336,900.0,0.029748283752860427,0.06399999999999295,0.11899999999999977,0.537815126050362,0.0004367348609954913,0.0003002142438011113,-4.0924344528403545e-05,0.0036419896764652293,22,2,10,TAKE_PROFIT,1
2025-09-19 11:25:00+00:00,BUY,1,147.947,147.76507385053387,147.76477043861024,0.0003034119236247079,2.050814978503842e-06,62.49606114131445,0.08780266209049321,0.0005934737581058975,22.0,0.25056187906154653,390.0,0.8139534883720929,-0.019000000000005457,0.0660000000000025,0.2878787878788597,-0.00011489281176502164,0.00011491921854922538,0.00017576949858377766,0.0009471811213273007,11,4,1,STOP_LOSS,0
2025-09-22 10:35:00+00:00,SELL,-1,148.003,148.14571835273142,148.1464914444521,-0.0007730917206743015,-5.223486825769083e-06,40.016254193555746,0.061203203679938055,0.0004135267777000335,20.0,0.3267802794211547,493.0,-0.12433392539964472,-0.02800000000002001,0.06399999999999295,0.4375000000003608,-0.00019590358841348188,-0.00020265751555392786,-0.00031746031746049397,-0.0003714760431723363,10,0,3,STOP_LOSS,0
2025-09-26 15:55:00+00:00,SELL,-1,149.612,149.74577748607857,149.74805108237197,-0.002273596293406399,-1.5196617205881876e-05,37.354542181277075,0.07095592434925027,0.00047426626439891367,20.0,0.28186511814797216,678.0,0.008928571428571397,-0.06700000000000728,0.09999999999999432,0.6700000000001108,-0.00045430251202571714,-0.00012029673193880708,-0.00045430251202571714,-0.0010949684862728848,15,4,6,STOP_LOSS,0
2025-09-30 03:55:00+00:00,BUY,1,148.784,148.60550652032427,148.6039009324894,0.0016055878348595343,1.0791401191388418e-05,69.79621265274683,0.05874943894331423,0.000394863956764936,20.0,0.34042878297608026,507.0,-0.43541202672605794,-0.016000000000019554,0.060000000000002274,0.26666666666698247,-0.00012096611604683893,0.0010967494499429797,0.0011910609863599042,0.0011843238587423421,3,1,1,STOP_LOSS,0
2025-10-02 05:10:00+00:00,SELL,-1,146.961,147.0787485929846,147.08072655181468,-0.001977958830082116,-1.3459073019931247e-05,37.401210302587266,0.0594363825337731,0.00040443643234445254,20.0,0.33649423379081905,191.0,-0.25390625,-0.030000000000001137,0.049000000000006594,0.6122448979591245,-0.00021089583106548293,-9.525429494794402e-05,-0.00044889714134122016,-0.0010671705705622703,5,3,2,STOP_LOSS,0
2025-10-02 05:55:00+00:00,BUY,1,147.154,147.0839787872544,147.0828373191946,0.0011414680598136329,7.756962500602314e-06,58.45097228307779,0.05110041022042019,0.0003472580440927205,20.0,0.39138629051568397,86.0,-0.31746031746031744,0.03100000000000591,0.03999999999999204,0.775000000000302,0.00020390962725325146,0.00027869732790430923,0.0007752992383025514,0.0012178941996938697,5,3,5,STOP_LOSS,0
2025-10-02 11:15:00+00:00,SELL,-1,146.947,147.10818250689036,147.1111712143927,-0.0029887075023395937,-2.0338676545554477e-05,34.97343462011483,0.07090842251014956,0.0004825441996784525,20.0,0.28205394073090934,348.0,-0.2997987927565392,-0.02400000000000091,0.06900000000001683,0.3478260869564501,-0.00016329752127974828,-0.0007140331311372705,-0.0004421407776236119,-0.0010468997491519527,11,3,6,TAKE_PROFIT,1
2025-10-03 12:00:00+00:00,SELL,-1,147.396,147.48903866551976,147.4904955215871,-0.0014568560673353659,-9.883959315960853e-06,45.34062028405586,0.05826792331358293,0.0003953154991558993,20.0,0.34324202515962615,238.0,-0.24683544303797467,0.07699999999999818,0.09899999999998954,0.7777777777778416,0.0005226752828895176,0.00023751196042365308,-5.427261132673333e-05,0.0002307243387031921,12,4,31,TAKE_PROFIT,1
2025-10-06 17:00:00+00:00,SELL,-1,149.878,150.04188130543105,150.04306174639365,-0.001180440962599505,-7.87601224061907e-06,42.89775753321605,0.08939604280566689,0.0005964587384784084,20.0,0.22372354941344433,762.0,-0.005221932114882533,-0.04600000000002069,0.103999999999985,0.4423076923079551,-0.00030015407909400604,-0.00015343460016958854,-0.0009065820523419532,0.0008012927523068925,17,0,4,STOP_LOSS,0
2025-10-06 19:35:00+00:00,BUY,1,150.115,150.03365446476928,150.03321944353328,0.0004350212360009209,2.8979198347994597e-06,60.00179402445845,0.055389820098855826,0.0003689825806805171,20.0,0.3610771792416985,169.0,-0.08648648648648649,-0.014999999999986358,0.02199999999999136,0.6818181818178295,-5.328963583184354e-05,0.00023320895522394025,0.0009668600386745219,0.0002465384666641146,19,0,27,TAKE_PROFIT,1
2025-10-09 16:20:00+00:00,SELL,-1,152.651,152.7228339569805,152.7231609175464,-0.0003269605658999808,-2.141882895624534e-06,46.70728763058433,0.1597371388074443,0.0010464205200584622,20.0,0.1252056982447211,760.0,-0.14317925591882752,0.018000000000000682,0.07800000000000296,0.23076923076923078,0.00011137754366674635,-0.00046489700239649157,-0.0008770494485714764,-0.0006873707088428382,16,3,4,STOP_LOSS,0
2025-10-09 16:40:00+00:00,BUY,1,152.913,152.7290115690628,152.72616086282716,0.002850706235648204,1.8642667632236654e-05,60.21173319815555,0.150919653828596,0.0009869641811264967,20.0,0.1325208446523115,933.0,0.0748847926267282,0.11000000000001364,0.13899999999998158,0.7913669064750232,0.0007264302823262181,0.0019001067991064602,0.003188411501899413,0.001093318319301373,16,3,114,TAKE_PROFIT,1
2025-10-10 04:45:00+00:00,SELL,-1,152.941,153.01376704343525,153.01482234761568,-0.0010553041804257646,-6.900073756715103e-06,43.47868748973353,0.05970237353411534,0.00039036212352551203,21.0,0.35174480940862607,226.0,0.14720812182741128,0.009000000000014552,0.02600000000001046,0.3461538461542666,6.538896626584467e-05,4.57713785031455e-05,0.000451357998848545,-0.0009276013665788785,4,4,2,STOP_LOSS,0
2025-10-15 13:35:00+00:00,BUY,1,151.416,151.29512472578654,151.29374585842342,0.0013788673631154325,9.106483879612672e-06,59.083402693679176,0.05658283973031218,0.00037369128579748626,20.0,0.3534640554508213,358.0,0.16612377850162874,-0.02400000000000091,0.038000000000010914,0.6315789473682636,-0.0001584786053883125,-0.00030370654025424493,-0.0001584786053883125,0.00027745848032023623,13,2,4,STOP_LOSS,0
2025-10-16 08:45:00+00:00,BUY,1,151.069,150.93052790106287,150.9294539750969,0.0010739259659828804,7.108844077758378e-06,61.032418109289246,0.058510158846475584,0.00038730751409273635,20.0,0.3418209827882687,399.0,-0.02444987775061125,-0.049000000000006594,0.08199999999999363,0.5975609756098829,-0.00033086507983781654,-0.00023824492902291272,-0.00023824492902291272,5.2958738522734805e-05,8,3,6,STOP_LOSS,0
2025-10-16 17:20:00+00:00,SELL,-1,150.884,151.11885717865744,151.12074090765972,-0.0018837290022872821,-1.2484617337075385e-05,31.835764977335543,0.08339089112723486,0.0005526821341377142,20.0,0.23983434796834957,725.0,-0.07525510204081631,-0.01500000000001478,0.0730000000000075,0.20547945205497586,-9.940423727139436e-05,-0.0005895093824725972,-0.0011386505666773905,-0.0016079191673230575,17,3,20,TAKE_PROFIT,1
2025-10-17 14:55:00+00:00,BUY,1,150.224,149.92682131732832,149.92369489105602,0.0031264262723027514,2.081176291606369e-05,64.01857613734191,0.10504043411082117,0.0006992253841651213,20.0,0.19040286885047839,908.0,0.11547911547911549,0.07899999999997931,0.117999999999995,0.6694915254235818,0.0005261580472208927,-1.3313274666248986e-05,-0.00031942078364566306,0.002034431926573488,14,4,4,TAKE_PROFIT,1
2025-10-20 08:35:00+00:00,SELL,-1,150.576,150.6996749120211,150.7014110193719,-0.0017361073508084246,-1.1529774670654186e-05,40.51482901348229,0.054499394840247524,0.00036193945144144833,21.0,0.38532537951213375,284.0,-0.36179775280898874,0.04200000000000159,0.054000000000002046,0.7777777777777778,0.00027900673601988224,-2.656395271627421e-05,2.6565364078301457e-05,0.0002590725203770461,8,0,3,STOP_LOSS,0
2025-10-20 10:40:00+00:00,BUY,1,150.732,150.6948731606481,150.6947609632821,0.00011219736597922747,7.443500118039134e-07,55.19904589254468,0.06315297883999205,0.0004189752596661097,20.0,0.3166913163458707,584.0,0.4455445544554455,-0.02600000000001046,0.03899999999998727,0.6666666666671525,-0.00017909378544556098,-0.00029845400823724777,-0.0001724618262382016,0.0010227257633916853,10,0,6,STOP_LOSS,0
2025-10-20 14:15:00+00:00,BUY,1,150.731,150.68446739619017,150.68380910405887,0.0006582921313054158,4.367330750180227e-06,54.74374342329572,0.05535733868920232,0.00036725914834508046,20.0,0.3612890444804039,220.0,-0.19413919413919412,-0.009000000000014552,0.03100000000000591,0.29032258064557537,-6.633895224272823e-05,0.0003451044936586545,0.00021898100837436374,-0.00015919869987723878,14,0,9,STOP_LOSS,0
2025-10-20 16:00:00+00:00,SELL,-1,150.638,150.6888381409442,150.6888853584649,-4.721752068803653e-05,-3.134502628024571e-07,44.10227644031803,0.05586301387004164,0.00037084277453259894,20.0,0.3580186354880085,479.0,-0.0788461538461539,-0.025000000000005684,0.03699999999997772,0.6756756756762362,-0.00016593324173819202,8.630705394185867e-05,0.00021247493459752853,-0.0004910027071499679,16,0,4,STOP_LOSS,0
2025-10-20 16:35:00+00:00,BUY,1,150.781,150.68984705746377,150.68917691911295,0.0006701383508129766,4.444448244891442e-06,60.357703479995756,0.06316190428026662,0.00041889829806319507,20.0,0.31664656453761336,732.0,0.24701873935264063,0.02600000000001046,0.09100000000000819,0.28571428571437496,0.00017246525820047154,0.0005706891403165493,0.0008894966378356628,0.0008230616566107241,16,0,6,STOP_LOSS,0
2025-10-20 17:25:00+00:00,SELL,-1,150.527,150.68584063001865,150.68805163614766,-0.0022110061290163685,-1.4688435490087284e-05,31.901694781096978,0.06369770603297403,0.0004231646550650318,21.0,0.3296822021993861,365.0,-0.31390977443609025,-0.04100000000002524,0.054000000000002046,0.7592592592596978,-0.0002656624625583248,-0.0007899313622664605,-0.001519010851972813,-0.000829726787563434,17,0,6,STOP_LOSS,0
2025-10-21 03:45:00+00:00,SELL,-1,150.56,150.6827636814422,150.68493925972246,-0.0021755782802586054,-1.4449908875256413e-05,39.046499561162335,0.06143563245802844,0.00040804750569891366,21.0,0.3418211738008357,422.0,0.5805243445692885,0.009999999999990905,0.044999999999987494,0.22222222222208188,7.306591209510493e-05,-0.0006040451108855205,-0.0001992164154326348,-0.0012404890312909256,3,1,2,STOP_LOSS,0
2025-10-21 04:45:00+00:00,BUY,1,150.899,150.68817076020963,150.6859320958478,0.0022386643618403923,1.4835514893010506e-05,65.48821798301714,0.07850366836417311,0.0005202398184492482,20.0,0.2547651646955067,527.0,0.22843822843822847,0.027999999999991587,0.06200000000001182,0.4516129032255846,0.00019221846622907712,0.0012274904786548912,0.0019521264234256819,0.002251594048884087,4,1,3,TAKE_PROFIT,1
2025-10-22 10:00:00+00:00,SELL,-1,151.662,151.7661260501183,151.7668062680615,-0.0006802179431986133,-4.485091474453807e-06,34.60268772165816,0.05679481227710359,0.0003744828122872149,20.0,0.3521448385535531,935.0,0.47709320695102675,-0.06399999999999295,0.11699999999999022,0.5470085470085325,-0.000421813005022198,-0.0005469702461365911,-0.0003756945405650747,-0.0016982622432858419,10,2,1,STOP_LOSS,0
2025-10-22 10:05:00+00:00,BUY,1,151.817,151.7681211069764,151.76780020334738,0.0003209036290172662,2.1137529329209916e-06,54.508235812981624,0.06588089711445316,0.0004339494069468713,20.0,0.30357813684981433,457.0,-0.5112299465240642,0.15500000000000114,0.1839999999999975,0.8423913043478437,0.001022009468423235,0.0005206342511434592,0.0003624095623411261,-0.00046086893545860264,10,2,1,STOP_LOSS,0
2025-10-22 11:35:00+00:00,SELL,-1,151.736,151.76799215374902,151.7686101812428,-0.0006180274937719332,-4.073044589101685e-06,47.09430236462116,0.07237723638023043,0.00047699449293661645,20.0,0.2763299761119772,550.0,0.25,0.016999999999995907,0.03200000000001069,0.5312499999996947,0.00011864116321080864,0.0004483477068333297,-0.0007309989660646554,-7.90784722038973e-05,11,2,29,STOP_LOSS,0
2025-10-22 19:45:00+00:00,SELL,-1,151.709,151.81343600134701,151.81377618834938,-0.0003401870023651554,-2.2423653334024705e-06,38.2699776393333,0.07157021889027891,0.00047175987509164854,20.0,0.2794458408833582,768.0,0.12775330396475781,0.0010000000000047748,0.06499999999999773,0.015384615384689382,1.3183307296271707e-05,0.00034947512792116164,-0.000632390237475744,-0.0007706189980635214,19,2,4,STOP_LOSS,0
2025-10-27 10:30:00+00:00,SELL,-1,152.816,152.975098671976,152.97798187603485,-0.002883204058832689,-1.8867160891743593e-05,33.955250581098724,0.07218654838279609,0.00047237559144851384,20.0,0.277059929419849,553.0,0.38250000000000006,-0.09299999999998931,0.1419999999999959,0.6549295774647323,-0.0006147406971420688,-0.0006082048800266637,-0.000941422594142316,-0.0006212764287722994,10,0,34,TAKE_PROFIT,1
2025-10-28 15:45:00+00:00,BUY,1,152.235,152.10472667884017,152.10372688431735,0.0009997945228121807,6.56744193393228e-06,58.282102514168315,0.06508465064028723,0.00042752751102103476,20.0,0.3072921157791397,531.0,0.3111111111111111,-0.042999999999977945,0.057999999999992724,0.7413793103445403,-0.00028237828182653413,-0.00025611726230334586,-0.0005711584669317871,0.000512628403556814,15,1,4,STOP_LOSS,0
2025-10-28 16:45:00+00:00,SELL,-1,151.995,152.10075122127176,152.1026573447461,-0.0019061234743276145,-1.2540698538291486e-05,37.82812544152893,0.06643273781403963,0.0004370718629825957,20.0,0.30105638662649364,224.0,-0.6097560975609756,-0.009999999999990905,0.04899999999997817,0.20408163265296653,-7.236556451717391e-05,-0.0008742637778711426,-0.0009530695412118817,-0.0015765100009853539,16,1,11,TAKE_PROFIT,1
2025-10-28 18:45:00+00:00,BUY,1,152.191,152.0962024429465,152.09453023838884,0.0016722045576500477,1.0987539063742585e-05,57.88702204198364,0.07280089722895082,0.00047835218395930653,20.0,0.2747218888951629,359.0,-0.07712082262210795,-0.014000000000010004,0.07499999999998863,0.18666666666682835,-8.541168431841495e-05,8.542627712282425e-05,0.00023660083467524906,0.0015926396356671368,18,1,2,STOP_LOSS,0
2025-10-30 04:55:00+00:00,SELL,-1,152.327,152.5373533157849,152.53876590538349,-0.001412589598572822,-9.273402604743888e-06,34.061947640711026,0.06916482849514702,0.00045405495083043073,21.0,0.3036225268956385,332.0,-0.08287292817679559,0.0,0.0519999999999925,0.0,-6.56478126148663e-06,-0.0006167129201356536,-0.0009509942809172722,-0.0013439802795479627,4,3,3,TAKE_PROFIT,1
2025-10-30 05:25:00+00:00,BUY,1,152.905,152.5452010574027,152.54163649049153,0.0035645669111659117,2.3312297905012338e-05,67.02757962444329,0.1260184143702654,0.0008241615013914875,21.0,0.16664231259328594,490.0,-0.48366701791359323,0.04599999999999227,0.08500000000000796,0.5411764705880937,0.00029438702080319956,0.004803711540736222,0.003794468478995894,0.0028398656802559596,5,3,9,STOP_LOSS,0
2025-10-31 02:15:00+00:00,SELL,-1,153.949,154.03136688553124,154.03164659686612,-0.0002797113348833591,-1.8169090730265156e-06,42.14801285259699,0.05926789144468596,0.00038498393263149453,20.0,0.33745084416687526,317.0,-0.07848837209302328,0.043000000000006366,0.055999999999983174,0.7678571428574873,0.00027289207118585956,0.00029239006133696677,0.0002793913167777884,-0.0009150496463105062,2,4,7,STOP_LOSS,0
2025-10-31 08:40:00+00:00,BUY,1,154.159,153.94786114965243,153.94386700715123,0.003994142501198894,2.5909239818621645e-05,66.77448728733711,0.07055587344078292,0.00045768248004192375,20.0,0.2834632897966442,270.0,0.15879828326180268,0.103999999999985,0.10800000000000409,0.9629629629627875,0.0006750835740481076,0.000538695189387095,0.001383602042274612,0.0015397409077324564,8,4,4,TAKE_PROFIT,1
2025-10-31 16:20:00+00:00,SELL,-1,154.047,154.1001455019221,154.10015097022523,-5.468303129418928e-06,-3.549762818762409e-08,47.154445514820566,0.07798772697287544,0.0005062593038025761,20.0,0.2564506080162602,734.0,0.6643990929705215,0.03700000000000614,0.08799999999999386,0.42045454545464456,0.00023374953737076432,0.00019478369270919949,-0.000324470950115896,-0.00038285336067378495,16,4,23,STOP_LOSS,0
2025-11-03 01:30:00+00:00,BUY,1,154.22,154.0752378962702,154.0731000170164,0.0021378792538087055,1.3862529203791373e-05,66.16384967597443,0.05025448170575211,0.0003258622857330574,20.0,0.3979744556336914,560.0,1.0216606498194944,0.0759999999999934,0.10699999999999932,0.7102803738317186,0.0005190086933957172,0.0005514646251663091,0.0013570459252911782,0.0010645479565871696,1,0,3,STOP_LOSS,0
2025-11-03 17:45:00+00:00,SELL,-1,154.118,154.14438413139828,154.1447807631686,-0.00039663177031457053,-2.5735590282418053e-06,48.74936068809249,0.06371458745113195,0.00041341431533715696,20.0,0.3138998587307761,543.0,0.06262230919765166,-0.018000000000000682,0.03999999999999204,0.4500000000001066,-0.000110292925033173,0.0005713172758552432,0.0007987272314036176,-0.0004864034035269027,17,0,33,STOP_LOSS,0
2025-11-05 02:45:00+00:00,SELL,-1,153.405,153.57881463020954,153.58167199155048,-0.0028573613409434984,-1.8626259515292842e-05,31.374540114171737,0.06373815577052727,0.00041548942844449186,20.0,0.31378378866192524,494.0,-0.12566371681415933,0.03200000000001069,0.05200000000002092,0.6153846153845733,0.00021516313277514243,-0.00032582841875472557,-0.001015882939027546,-0.001054914141710217,2,2,2,TAKE_PROFIT,1
2025-11-05 08:15:00+00:00,BUY,1,153.594,153.44059617299774,153.4401227822879,0.00047339070985685794,3.0820911614832477e-06,63.44203686613111,0.05840917701237335,0.0003802829343097605,20.0,0.3424119465981042,372.0,1.268292682926829,0.117999999999995,0.12299999999999045,0.9593495934959688,0.0007753705815278789,0.0008144967387551105,0.0010362694300518616,0.0003647305553020619,8,2,5,TAKE_PROFIT,1
2025-11-06 02:50:00+00:00,SELL,-1,153.935,154.01942828374823,154.02039467367086,-0.0009663899226382,-6.277909004698087e-06,44.18691704256041,0.05541899754294791,0.00036001557503457897,20.0,0.3608870763947084,425.0,0.5342960288808665,0.03700000000000614,0.0660000000000025,0.5606060606061324,0.0002599174762012435,8.445836202763957e-05,0.0005459828015417223,-0.000778942585440312,2,3,3,TAKE_PROFIT,1
2025-11-07 13:55:00+00:00,SELL,-1,153.12,153.28762237174527,153.28818675370522,-0.0005643819599470135,-3.685880093697841e-06,35.32424510275638,0.05234951001266759,0.00034188551471177895,20.0,0.382047510953978,285.0,-0.07467532467532467,0.003999999999990678,0.04099999999999682,0.0975609756095363,3.2655193808572847e-05,0.0003854672320184882,0.00018942981625302835,-0.0014412322862118465,13,4,19,STOP_LOSS,0
2025-11-10 18:35:00+00:00,SELL,-1,153.915,154.03867221980377,154.03872184495543,-4.962515166084813e-05,-3.2241920320207995e-07,37.64359831564508,0.058869036186403115,0.00038247757649613825,20.0,0.3397371741686399,429.0,-0.004640371229698403,-0.04400000000001114,0.05699999999998795,0.7719298245617622,-0.0002987769629972936,7.147312610444878e-05,-0.0007530951561699473,-0.0010708722741434862,18,0,3,STOP_LOSS,0
2025-11-13 05:25:00+00:00,SELL,-1,154.71,154.74972494769062,154.750136819537,-0.000411871846381473,-2.6622186437946673e-06,47.37060848338981,0.052686046996533474,0.00034054713332385414,20.0,0.37960714724556804,206.0,0.7606837606837606,0.019000000000005457,0.04099999999999682,0.4634146341465105,0.00017455053237913631,0.00036856705010590574,0.00040091045471002396,-0.00031016167177144727,5,3,11,STOP_LOSS,0
2025-11-13 10:40:00+00:00,SELL,-1,154.584,154.78890823715588,154.79200395497497,-0.0030957178190931245,-2.0026120549947758e-05,32.941217779016796,0.06562373934782847,0.0004245183159177436,20.0,0.30476775933162076,377.0,0.2200647249190939,-0.060000000000002274,0.09600000000000364,0.625,-0.0003750598155739526,-0.0006464792738744007,-0.0009177513798586112,-0.001621080505053829,10,3,5,TAKE_PROFIT,1
2025-11-14 09:05:00+00:00,BUY,1,154.526,154.49857491196394,154.49853507930538,3.9832658558225376e-05,2.5777318094188275e-07,51.84941556537878,0.05441636813833151,0.00035215024098424544,20.0,0.3675364726502534,256.0,-0.5151515151515151,-0.026999999999986812,0.03899999999998727,0.6923076923075802,-0.00017469735301145484,-0.0007048856985804042,0.0003754823005412966,0.000433772068963334,9,4,2,STOP_LOSS,0
2025-11-18 11:50:00+00:00,BUY,1,155.233,155.10435356397068,155.10229002391583,0.002063540054848545,1.3293178994469892e-05,63.05035517734698,0.06121560167077966,0.0003943465736717042,20.0,0.32671409663766643,276.0,-0.02473498233215543,0.020000000000010232,0.02600000000001046,0.7692307692308533,0.00013529881710194758,0.0003028623716057055,0.00022551837008211173,0.0009155914914469321,11,1,11,TAKE_PROFIT,1
2025-11-18 17:50:00+00:00,SELL,-1,155.154,155.19733759300613,155.19800218007893,-0.000664587072805034,-4.2834027663162664e-06,47.85271603966034,0.07278786833708434,0.00046913304418245316,20.0,0.2747710635978372,855.0,0.18585298196948674,0.0619999999999834,0.09299999999998931,0.6666666666665648,0.00039976272148134484,0.00042556484060662925,-5.800351888018973e-05,-0.0007535212628242416,17,1,1,STOP_LOSS,0
2025-11-18 17:55:00+00:00,BUY,1,155.264,155.1999518050451,155.19930906760212,0.0006427374429733845,4.139642434649272e-06,58.26591898081784,0.07644587774157796,0.0004923606099390583,20.0,0.26162300166935293,915.0,0.07017543859649122,0.10900000000000887,0.12399999999999523,0.8790322580646215,0.0007089730203539979,0.001063836646271188,0.0008960515713134498,0.0002834686251771412,17,1,5,TAKE_PROFIT,1
2025-11-19 04:40:00+00:00,SELL,-1,155.326,155.45218890121663,155.45374410562258,-0.0015552044059461423,-1.0012518225835613e-05,33.399451378197284,0.05077859506389939,0.00032691626040649597,20.0,0.3938667459159151,302.0,-0.09850746268656718,-0.040000000000020464,0.05299999999999727,0.7547169811325004,-0.0002510217874039933,-0.0003861351730529705,-0.0006369631655139818,-0.0008940919177951034,4,2,13,TAKE_PROFIT,1
2025-11-24 02:25:00+00:00,BUY,1,156.736,156.55230114051497,156.55025866104288,0.0020424794720952377,1.303133595405802e-05,68.14059224758785,0.053148569820717355,0.00033909612227387044,23.0,0.43274917984781935,336.0,-0.18840579710144922,0.02400000000000091,0.03999999999999204,0.6000000000001421,0.00015314717443470904,0.00024250469055120405,0.0003893409925002089,0.0008812373082669467,2,0,7,STOP_LOSS,0
2025-11-25 03:10:00+00:00,SELL,-1,156.663,156.85093257008683,156.85255176783767,-0.0016191977508412947,-1.0335546688377566e-05,31.007747666301952,0.06389333150028832,0.0004078393207093463,21.0,0.3286727974093077,383.0,-0.32092198581560283,-0.04399999999998272,0.08199999999999363,0.5365853658534895,-0.00026801952713695343,-8.297378028532254e-05,-0.0017713663096322607,-0.0009947774185524727,3,1,31,STOP_LOSS,0
2025-11-26 04:05:00+00:00,SELL,-1,155.868,156.08730222370207,156.08789473452666,-0.0005925108245889987,-3.8013628492634712e-06,37.78522424081243,0.11205195854518643,0.000718890077149809,21.0,0.18741305616297171,491.0,-0.2067851373182552,-0.1290000000000191,0.1519999999999868,0.8486842105265151,-0.0008205338598425982,-5.132284636510942e-05,-3.207739634181195e-05,-0.002521406355991851,4,2,27,STOP_LOSS,0
2025-11-26 08:00:00+00:00,BUY,1,156.149,156.02226478352736,156.02154643183005,0.0007183516973157111,4.600424577267297e-06,60.6012161838039,0.062329389634293395,0.0003991661146359784,21.0,0.3369197119242426,425.0,-0.27350427350427353,0.04599999999999227,0.057999999999992724,0.7931034482758282,0.0003010851878899601,0.0002562312230556252,0.0006344120474206516,0.0004805412816997201,8,2,5,STOP_LOSS,0
2025-11-27 10:40:00+00:00,BUY,1,156.27,156.1320666530895,156.13022201823256,0.0018446348569511883,1.180415215301202e-05,60.46599604029259,0.06275352169626112,0.00040157113775043913,21.0,0.33464257355378335,310.0,0.22529644268774707,0.06200000000001182,0.09499999999999886,0.6526315789475007,0.000396906688517884,0.0004161198425145507,0.0004609534052932851,3.839655966819677e-05,10,3,178,STOP_LOSS,0
2025-11-28 05:30:00+00:00,SELL,-1,156.246,156.29879096751304,156.29921915278115,-0.0004281852681060627,-2.740455871549113e-06,39.963924967415444,0.06174721194316419,0.00039519227335844877,26.0,0.4210716432659656,1696.0,-0.03251568739304045,-0.014999999999986358,0.03299999999998704,0.45454545454521966,-8.95942659668858e-05,-0.00011518967900481236,-0.00014718210265629583,0.00014082343301935474,5,4,21,STOP_LOSS,0
2025-11-28 08:15:00+00:00,BUY,1,156.393,156.29038727537053,156.28835014296098,0.0020371324095549426,1.3025726276463413e-05,66.49174854371591,0.06174143599872761,0.0003947838841810542,21.0,0.3401281434470163,1602.0,0.13536498936924168,0.02400000000000091,0.08099999999998886,0.2962962962963483,0.0001598792591834819,0.00016627549291103882,0.0003645993245318113,0.0005758046870500966,8,4,17,STOP_LOSS,0
2025-12-04 04:15:00+00:00,BUY,1,155.352,155.21389334613602,155.2121852040866,0.001708142049409389,1.0995301311919956e-05,62.102260629308624,0.057270088826277016,0.00036864725800940453,21.0,0.36668355908616385,278.0,-0.17507418397626118,0.04400000000001114,0.06100000000000705,0.7213114754099353,0.0002768674062676446,0.00027042688815925864,0.0006892331476053837,0.0012374323279196187,4,3,13,TAKE_PROFIT,1
2025-12-05 07:05:00+00:00,SELL,-1,154.89,155.0172958582798,155.01915219346878,-0.001856335188989533,-1.1984861443537564e-05,36.14233494782382,0.053368089538871955,0.0003445547778350569,22.0,0.4122313575413967,235.0,-0.237012987012987,0.03099999999997749,0.04899999999997817,0.6326530612243122,0.00020018210113703638,-5.8102376387259014e-05,-0.0005871687497177591,-0.0010834655419262873,7,4,4,TAKE_PROFIT,1
2025-12-11 12:20:00+00:00,SELL,-1,155.828,155.89141601310266,155.89198723920597,-0.0005712261033181676,-3.665747512116998e-06,44.32221768636666,0.06135746202056899,0.00039375120017306895,21.0,0.3422566597190758,506.0,0.40555555555555545,-0.046999999999997044,0.06700000000000728,0.7014925373133125,-0.00030152365677627024,-8.983457604505585e-05,-0.00034641587867745294,-0.0009488639277837052,12,3,4,STOP_LOSS,0
2025-12-12 19:40:00+00:00,SELL,-1,155.754,155.85277358243545,155.85468070123954,-0.0019071188040982179,-1.2244429061842508e-05,43.433778693715496,0.06661164181122986,0.0004276721099376572,21.0,0.31526020720990056,302.0,-0.19680851063829785,-0.0630000000000166,0.08100000000001728,0.7777777777778168,-0.00039790522154348196,7.062917755540354e-05,-0.0007762630312750929,-0.0007185659476731665,19,4,17,STOP_LOSS,0
2025-12-15 19:05:00+00:00,BUY,1,155.313,155.11260137479363,155.10971420121624,0.002887173577391877,1.858938773568135e-05,67.27720305807335,0.06444291542276813,0.000414922868161507,21.0,0.3258698006170676,215.0,-0.21818181818181814,0.02400000000000091,0.03999999999999204,0.6000000000001421,0.00016099119056200983,0.00038002241488133137,0.0001545505476885367,0.0008441700712711331,19,0,33,STOP_LOSS,0
2025-12-17 02:55:00+00:00,SELL,-1,154.572,154.72749113955973,154.72767368113944,-0.0001825415797043206,-1.1809485528059454e-06,30.171358210698443,0.05711296525090193,0.0003694910155196409,21.0,0.3676923428462396,728.0,0.06432748538011701,-0.07499999999998863,0.09199999999998454,0.8152173913043612,-0.0005108276053824579,-0.0004849754602416212,-0.00144061500694459,-0.0012212379087753744,2,2,2,STOP_LOSS,0
2025-12-18 03:40:00+00:00,BUY,1,155.736,155.56560878815105,155.56431761344496,0.0012911747060968537,8.290791506760504e-06,68.21248025186682,0.0595179864019603,0.0003821723069936322,21.0,0.3528345172528945,431.0,-0.12753036437246967,0.0619999999999834,0.06699999999997885,0.9253731343284025,0.00039184197848074476,0.001034870641169805,0.001479042609288328,0.0014146454384114104,3,3,5,STOP_LOSS,0
2025-12-22 10:50:00+00:00,BUY,1,157.485,157.39176592567773,157.3917270232132,3.890246452442625e-05,2.470233007869083e-07,57.86492543034642,0.0604516784334477,0.000383856738314428,21.0,0.34738489557604696,219.0,-0.19485294117647056,0.051000000000016144,0.0630000000000166,0.8095238095238525,0.00033029923840621755,-8.254073067581746e-05,0.0004001981933912102,0.0004701069175598871,10,0,9,STOP_LOSS,0
2025-12-24 17:15:00+00:00,SELL,-1,155.749,155.88727434300523,155.88964688273396,-0.002372539728725087,-1.5233097668203887e-05,30.19764553504065,0.052949807703794254,0.00033996884541020653,22.0,0.41548781674656643,269.0,-0.13782051282051277,0.02400000000000091,0.03699999999997772,0.6486486486490639,0.00016054044334845585,0.0001348505085789764,-0.0001925805147034998,-0.0016217740798195601,17,2,2,STOP_LOSS,0
2025-12-30 03:15:00+00:00,BUY,1,156.249,156.0993571393052,156.09928296231755,7.417698765266323e-05,4.747357592859041e-07,61.69158244048105,0.06674373546152948,0.00042716264079468974,22.0,0.3296189499714263,221.0,-0.20788530465949817,0.014999999999986358,0.028999999999996362,0.5172413793099393,8.320745538803465e-05,-0.0002175540525840569,0.00036493546404425814,0.0013907403609514368,3,1,9,STOP_LOSS,0
2026-01-02 17:15:00+00:00,SELL,-1,156.713,156.850649673426,156.8529549133849,-0.002305239958900529,-1.4709947221357061e-05,30.369306874841698,0.054414181564559364,0.0003472218741556818,21.0,0.3859288037822398,393.0,-0.2735674676524954,-0.0030000000000143245,0.03999999999999204,0.07500000000037303,-1.9142908190716845e-05,-0.00015312274702206086,-0.0005484728856689491,-0.0010454049988208869,17,4,8,TAKE_PROFIT,1
2026-01-06 05:00:00+00:00,SELL,-1,156.337,156.4723305672817,156.47301499346108,-0.0006844261793901296,-4.3778899389788065e-06,36.641555885900175,0.05547676501952613,0.00035485371357724745,21.0,0.3785368521868325,248.0,0.1866028708133971,0.03799999999998249,0.05299999999999727,0.7169811320751783,0.0002495233464279156,0.0001983289189153581,-0.0006711752598408394,-0.0008244602661282574,5,1,2,STOP_LOSS,0
2026-01-07 17:25:00+00:00,BUY,1,156.599,156.49854361880173,156.49654297453253,0.002000644269202212,1.277558777005097e-05,58.543648297298525,0.07215427757538583,0.00046075822690685016,21.0,0.29104303591785646,626.0,-0.09928057553956837,-0.0589999999999975,0.08499999999997954,0.6941176470589612,-0.00037023561028248775,-0.0002681290339056064,0.001310791974116654,0.0006965301297205961,17,2,3,STOP_LOSS,0
2026-01-12 05:30:00+00:00,BUY,1,158.014,157.87361112689183,157.87201240664518,0.0015987202466476447,1.0117586078750267e-05,66.32588858810263,0.056591680965413255,0.00035814346175283996,22.0,0.38874971770931466,157.0,-0.33755274261603374,0.0030000000000143245,0.027999999999991587,0.10714285714340092,1.2657266536875156e-05,0.00020255472142394204,0.00022154843365251864,0.0009248232700738157,5,0,6,TAKE_PROFIT,1
2026-01-14 10:20:00+00:00,SELL,-1,159.111,159.18288697106297,159.18420297856824,-0.0013160075052667253,-8.271002666482679e-06,43.01063310684368,0.05790786694042507,0.0003639463452584993,21.0,0.36264502751594274,420.0,0.01449275362318847,-0.02200000000001978,0.04099999999999682,0.5365853658541827,-0.0001445322809707772,3.7710945602009716e-05,1.2569999182865388e-05,-0.00016966406515106502,10,2,2,TAKE_PROFIT,1
2026-01-15 05:10:00+00:00,BUY,1,158.619,158.42858099340054,158.42697738719883,0.0016036062017121822,1.0109798963000537e-05,69.46867896383466,0.05844028827844138,0.00036843182896400417,21.0,0.3593411432186056,260.0,0.25,0.044999999999987494,0.0759999999999934,0.5921052631577816,0.0002900872153519529,0.0006939669040875174,0.0005677194708855193,0.001958195680599406,5,3,3,STOP_LOSS,0
2026-01-15 12:15:00+00:00,SELL,-1,158.408,158.50474197072302,158.5061690883301,-0.0014271176070792535,-9.009125846417186e-06,43.088411529008425,0.07163896769113508,0.00045224336959708526,21.0,0.29313655230962565,303.0,0.0,0.0479999999999734,0.06399999999999295,0.7499999999996669,0.0003031068451626595,0.0003852299064710518,0.0001515304576220622,-0.0003849333308092451,12,3,13,STOP_LOSS,0
2026-01-20 04:40:00+00:00,SELL,-1,157.992,158.07076029102524,158.0715904942234,-0.000830203198148638,-5.254716682798104e-06,44.77295529940672,0.06690506516045869,0.00042347122107738803,22.0,0.3288241323319439,148.0,-0.21276595744680848,-0.016000000000019554,0.04800000000000182,0.33333333333372805,-8.860423021916919e-05,-4.430407787392454e-05,-0.0003985954256430224,-0.0011001100110011874,4,1,25,STOP_LOSS,0
2026-01-20 18:50:00+00:00,BUY,1,157.975,157.92629236675057,157.92554009522007,0.0007522715305015026,4.7619656939484265e-06,52.89360149375041,0.07123140724440444,0.0004509030368375024,21.0,0.29481377404136083,271.0,-0.1314102564102564,-0.03300000000001546,0.0519999999999925,0.6346153846157735,-0.00020252267304621263,-0.0003859880027335949,0.0006270744128302752,0.00032294014842570995,18,1,1,STOP_LOSS,0
2026-01-20 18:55:00+00:00,SELL,-1,157.882,157.92455541119173,157.9246779151167,-0.00012250392495616325,-7.75920782332142e-07,43.91858106572315,0.07321487815551767,0.0004637316360035828,21.0,0.2868269473233752,408.0,0.5055350553505535,-0.09199999999998454,0.09899999999998954,0.9292929292928713,-0.0005887007437884728,-0.0007468354430379964,-0.00024695892249915197,-0.00020264194434937988,18,1,6,STOP_LOSS,0
2026-01-20 20:05:00+00:00,BUY,1,157.974,157.92515035432314,157.9244928443725,0.0006575099506278548,4.16214029288272e-06,55.24211953918787,0.05366696286156433,0.00033972022523683857,21.0,0.39130218816686496,248.0,-0.15068493150684936,0.013999999999981583,0.027000000000015234,0.5185185185175438,8.863003291970095e-05,0.0003292764782614199,0.0003989589072324051,0.0007158196134573469,20,1,12,TAKE_PROFIT,1
2026-01-21 04:00:00+00:00,SELL,-1,157.962,158.07944805512753,158.07963726509143,-0.00018920996390647815,-1.197819500300567e-06,41.16437471460661,0.06900140088925268,0.000436822785791853,21.0,0.30434164711677414,354.0,-0.19727891156462585,0.012999999999976808,0.043000000000006366,0.30232558139476473,8.863676653070307e-05,0.00017095640611630714,0.0004306686764536938,-0.0008539061462268238,4,2,1,STOP_LOSS,0
2026-01-23 10:35:00+00:00,SELL,-1,158.37,158.55465884609123,158.55743820042548,-0.0027793543342511384,-1.7549752694646324e-05,45.54380313606613,0.20246965029247072,0.0012784596217242578,21.0,0.10371924863635196,604.0,-0.3817809621289662,-0.06499999999999773,0.10699999999999932,0.6074766355140013,-0.00041026288383250176,0.0002526368976187854,0.0003347713764156879,-0.004819746507725986,10,4,6,TAKE_PROFIT,1
2026-01-27 12:25:00+00:00,SELL,-1,153.952,154.40546706896518,154.41362829027193,-0.008161221306750122,-5.301146660485165e-05,34.994544634853284,0.1769858673165584,0.0011496172009233944,21.0,0.11865354176805103,757.0,0.02435723951285529,-0.03499999999999659,0.12000000000000455,0.2916666666666272,-0.00020781379883627604,-0.0001818417976360287,0.001457119067443724,-0.00415281317515559,12,1,3,TAKE_PROFIT,1
2026-01-28 06:00:00+00:00,SELL,-1,152.672,152.7258346958293,152.72684878060633,-0.0010140847770401251,-6.642244662021361e-06,42.89111287517445,0.07823654234858454,0.0005124485324655768,21.0,0.2684167700872319,287.0,-0.027118644067796627,-0.03700000000000614,0.09600000000000364,0.38541666666671603,-0.0002488376661646807,0.000189985783822344,-0.00041902367483759306,-0.0007984606725396359,6,2,1,STOP_LOSS,0
2026-01-28 06:10:00+00:00,BUY,1,152.804,152.73056405408926,152.729214086729,0.0013499673602552775,8.834633650004434e-06,53.722444231796096,0.07976007988219863,0.0005219763872817376,21.0,0.26328960591584005,325.0,0.19047619047619047,0.033999999999991815,0.057999999999992724,0.5862068965516566,0.00022255678470894935,0.000615545805775719,0.0004714139800434669,0.00040591323931860046,6,2,6,STOP_LOSS,0
2026-01-28 06:50:00+00:00,SELL,-1,152.598,152.7239658973291,152.72619847442232,-0.0022325770932241085,-1.46304479300129e-05,37.077333134928935,0.07030167052500849,0.00046069850538675794,21.0,0.29871267415373365,384.0,1.0425531914893615,-0.05099999999998772,0.06800000000001205,0.7499999999996865,-0.0003275509669303789,-0.0007988475641695914,-0.0009689288099197224,-0.0006679764243613384,6,2,11,STOP_LOSS,0
2026-01-28 16:00:00+00:00,BUY,1,152.905,152.63620127423408,152.63204532199507,0.004155952239017324,2.717996297712517e-05,69.25260622119688,0.08706835932088063,0.0005694278102147125,20.0,0.22970456955887103,942.0,0.7640449438202248,0.06800000000001205,0.15799999999998704,0.43037974683555463,0.00043837265601487374,0.00096885903755628,0.0017886157555426774,0.0022351275530270165,16,2,2,STOP_LOSS,0
2026-01-29 02:05:00+00:00,SELL,-1,153.082,153.32468148574827,153.32776229670017,-0.003080810951900048,-2.0125233220757818e-05,35.59246157639669,0.08663594345879197,0.0005659446797062487,20.0,0.2308510671383514,884.0,-0.24444444444444446,-0.012000000000000455,0.09800000000001319,0.1224489795918249,-8.49145955126307e-05,-0.0008419760983220392,-0.00022205386765605795,-0.0019493939927370807,2,3,5,TAKE_PROFIT,1
2026-01-29 10:25:00+00:00,BUY,1,153.246,153.1369653835404,153.13529809603725,0.0016672875031531476,1.0879810912866551e-05,56.588739023611936,0.07545650529209162,0.0004923880903390079,20.0,0.26505335653407397,545.0,-0.0824915824915825,0.06200000000001182,0.10599999999999454,0.5849056603775001,0.00041127279136721206,0.0003916807018917723,-0.00034572958727718817,-0.0002218162839248139,10,3,2,TAKE_PROFIT,1
2026-01-29 16:55:00+00:00,SELL,-1,153.062,153.25918269638763,153.2601812400668,-0.0009985436791737357,-6.523785650087778e-06,35.23849665795409,0.08811800887995627,0.0005757014077952481,20.0,0.2269683604318174,859.0,-0.14356929212362912,0.03700000000000614,0.09499999999999886,0.3894736842105956,0.000248327059807707,-0.0003592024399641236,-0.0010572756226177038,-0.001702288632494775,16,3,1,STOP_LOSS,0
2026-01-29 17:20:00+00:00,BUY,1,153.379,153.26410161095308,153.26245397746567,0.0016476334874084841,1.0742236469193854e-05,61.17714261934013,0.09756568481708916,0.0006361084947554043,20.0,0.20499010525570452,1648.0,-0.026004728132387744,0.036000000000001364,0.103999999999985,0.3461538461539092,0.00021519961394478315,0.0009658619992038986,0.00231989753241324,0.0008809480305915773,17,3,3,STOP_LOSS,0
2026-01-29 17:40:00+00:00,SELL,-1,152.851,153.2524041383137,153.25687425665618,-0.00447011834248201,-2.9244940121307743e-05,31.667043108388697,0.12694685870628875,0.0008305268444844244,20.0,0.15754623788110506,1776.0,0.09561998766193702,-0.3050000000000068,0.32399999999998386,0.9413580246914259,-0.0019718843248254236,-0.003819157048169708,-0.002928897586431889,-0.0017372336187359005,17,3,8,STOP_LOSS,0
2026-02-02 08:35:00+00:00,SELL,-1,154.647,154.88754501777376,154.88958140492275,-0.0020363871489905705,-1.3167970597493458e-05,35.92758736712321,0.09608001438331387,0.0006212859892743724,20.0,0.20815983561585918,963.0,0.020127118644067687,-0.09700000000000841,0.15399999999999636,0.6298701298701994,-0.0006332999450709975,-0.0011496851283707699,-0.00100127905324221,-0.0016655369419967814,8,0,7,STOP_LOSS,0
2026-02-02 14:50:00+00:00,BUY,1,154.947,154.84960891153108,154.8493256271488,0.00028328438227731567,1.8282663251132043e-06,59.33040495545497,0.06110585779005983,0.0003943661883744753,21.0,0.3436659063382971,532.0,0.0037735849056603765,0.006000000000000227,0.03700000000000614,0.1621621621621414,3.227013979412163e-05,-0.00018712574850299202,0.00021947802960364804,0.0008914210414123769,14,0,4,TAKE_PROFIT,1
2026-02-03 05:40:00+00:00,SELL,-1,155.409,155.49237863838195,155.49401930457634,-0.0016406661943904055,-1.0557086104346632e-05,39.25612342480243,0.053819857118415394,0.00034631107026243907,21.0,0.39019055650399503,588.0,-0.15759312320916907,-0.022999999999996135,0.04800000000000182,0.479166666666568,-0.00016727249332526561,-0.0002959055675276767,-0.000598063047420716,-0.00043093467802113317,5,1,4,STOP_LOSS,0
2026-02-03 11:05:00+00:00,BUY,1,155.566,155.45204920804522,155.45188345031028,0.0001657577349476469,1.0655138973017683e-06,63.13660273948318,0.062370356439663766,0.0004009253721228531,20.0,0.32066515475741636,444.0,-0.285024154589372,0.009999999999990905,0.04200000000000159,0.2380952380950125,7.071453826612561e-05,0.0004630403745482514,0.0005659964753854663,0.001113306262186864,11,1,2,TAKE_PROFIT,1
2026-02-03 19:40:00+00:00,SELL,-1,155.635,155.73881136245288,155.7405400177417,-0.0017286552888151618,-1.1107111439041103e-05,42.587482474010926,0.06524630320703508,0.0004192264156972087,20.0,0.3065307767175311,448.0,0.10891089108910901,0.0,0.056000000000011596,0.0,6.425331225745623e-06,6.425331225745623e-06,-0.00022483458598310246,-0.00025052352994092697,19,1,3,STOP_LOSS,0
2026-02-06 10:10:00+00:00,BUY,1,156.879,156.77023354313116,156.76873787300062,0.0014956701305379738,9.533909130845899e-06,59.25772297795217,0.05990070993243979,0.0003818274589488701,21.0,0.3505801521164819,511.0,-0.14261744966442957,0.03799999999998249,0.05299999999999727,0.7169811320751783,0.00024228358656208648,6.374380091545007e-06,0.0005548752487372077,0.0012445431569272358,10,4,2,STOP_LOSS,0
2026-02-09 03:05:00+00:00,SELL,-1,156.819,157.09808193825586,157.10159455314778,-0.003512614891917565,-2.239916650353315e-05,37.35474769036927,0.1472603572955084,0.0009390466543946105,20.0,0.13581387664207453,796.0,-0.19433198380566796,-0.018000000000000682,0.10900000000000887,0.1651376146788919,-0.00011476883643524172,-0.0003633442974069201,-0.00029961878291040467,-5.7387711378198425e-05,3,0,5,TAKE_PROFIT,1
2026-02-10 02:25:00+00:00,BUY,1,156.199,155.9738432412794,155.97179912107944,0.002044120199968802,1.308664075934418e-05,67.99942000862117,0.059791647271041734,0.0003827914856755916,22.0,0.36794437022736165,293.0,0.01384083044982698,0.056000000000011596,0.07200000000000273,0.7777777777779094,0.0003522389589096786,0.0002689600850427354,0.0005508830142268994,0.0008650297313923527,2,1,5,STOP_LOSS,0
2026-02-10 03:45:00+00:00,SELL,-1,155.712,155.97010103654682,155.9736540117151,-0.003552975168275907,-2.281760666021827e-05,32.43705835008464,0.09396183557317218,0.00060343348986059,20.0,0.212852376478162,827.0,0.34910277324632943,-0.11899999999999977,0.1910000000000025,0.6230366492146503,-0.000770060064685052,-0.0013788503594630575,-0.0010264832683228864,-0.0035069755535646063,3,1,12,TAKE_PROFIT,1
2026-02-11 15:10:00+00:00,BUY,1,153.6,153.43001301655866,153.42855742988831,0.0014555866703460651,9.476475718398863e-06,61.63943509564045,0.06210298650832887,0.0004043163184135994,20.0,0.32204570382968173,355.0,-0.1820276497695853,0.012000000000000455,0.026999999999986812,0.44444444444467834,8.464258042684136e-05,7.161971234914688e-05,8.464258042684136e-05,0.0003907776475184921,15,2,3,STOP_LOSS,0
2026-02-11 18:35:00+00:00,SELL,-1,153.168,153.47312139179738,153.4734092018657,-0.00028781006832900857,-1.879048288996452e-06,37.23233599063311,0.14947480662144588,0.0009758879571545354,20.0,0.13380181217194165,592.0,-0.14942528735632188,-0.0730000000000075,0.09600000000000364,0.760416666666716,-0.0004828963339030823,-0.00146682051984115,-0.0018247223815234248,-0.002214868280480564,18,2,5,TAKE_PROFIT,1
2026-02-12 02:10:00+00:00,BUY,1,153.385,153.15262623440435,153.15000505551788,0.002621178886471398,1.708888669994718e-05,68.15405182411533,0.0700549884023862,0.00045672646218591266,20.0,0.28549001942763524,469.0,-0.21833333333333338,-0.021000000000015007,0.08600000000001273,0.24418604651176626,-0.0001368916470021464,0.0008482594368861562,0.0016260056420436264,0.0011814312942219907,2,3,1,STOP_LOSS,0
2026-02-12 03:10:00+00:00,SELL,-1,152.877,153.14951008718958,153.15026106524755,-0.0007509780579653125,-4.912302425906529e-06,33.41216659209299,0.1038391565682221,0.000679233348170242,20.0,0.19260557058608277,657.0,-0.02522255192878342,-0.05099999999998772,0.07699999999999818,0.6623376623375186,-0.00032695338298649457,-0.0014565643370345605,-0.0027137573144240257,-0.0033119275026891604,3,3,1,STOP_LOSS,0
2026-02-12 11:45:00+00:00,SELL,-1,152.843,152.9513893707169,152.95294624324023,-0.0015568725233379155,-1.0186089800238909e-05,43.820646851600365,0.10561155359855415,0.0006909806376383227,21.0,0.19884188125689592,334.0,-0.1187335092348285,-0.036000000000001364,0.05099999999998772,0.7058823529413731,-0.00024201988487704273,-0.0009086036265705255,-0.0005754229031394997,-0.00029433310658788514,11,3,3,STOP_LOSS,0
2026-02-12 12:40:00+00:00,BUY,1,152.975,152.9539150298596,152.95375518512878,0.0001598447308026607,1.0449075391577756e-06,51.416063039656905,0.10093940885141553,0.0006598425157798041,20.0,0.19813866781645542,413.0,0.14722222222222214,-0.054000000000002046,0.09800000000001319,0.5510204081632121,-0.0003463418459366263,3.2686147610538896e-05,-0.00035287429180086427,0.0006214024071167223,12,3,12,TAKE_PROFIT,1
2026-02-12 17:45:00+00:00,SELL,-1,152.695,153.10314811834783,153.10702777805696,-0.0038796597091277363,-2.5407902741594266e-05,31.93712251857508,0.11877128918705038,0.0007778335190219089,20.0,0.1683908639612594,847.0,-0.12770339855818746,-0.10099999999999909,0.1290000000000191,0.7829457364339856,-0.0006544716777381332,-0.0022151940091744704,-0.0012558294688234106,-0.0023325405744453187,17,3,8,TAKE_PROFIT,1
2026-02-13 15:50:00+00:00,SELL,-1,153.033,153.30550812556118,153.30554791355814,-3.978799696824353e-05,-2.59996190156656e-07,35.78073563787146,0.1082823766606635,0.0007075753377419478,21.0,0.19393737603128192,1068.0,-0.07532467532467535,-0.15200000000001523,0.18199999999998795,0.8351648351649742,-0.0009857426363066857,-0.0003919186376908357,-0.001793774623633504,-0.0015853754012371546,15,4,10,TAKE_PROFIT,1
2026-02-16 03:05:00+00:00,BUY,1,153.093,152.85390971828136,152.84979156588162,0.004118152399740893,2.6899677971826887e-05,67.69589415465285,0.06770546900744942,0.0004422505862936217,20.0,0.29539711183153405,483.0,-0.22347266881028938,-0.025000000000005684,0.06699999999997885,0.37313432835841154,-0.00016980257185594816,0.0003659245803302458,0.0004247588676582481,0.0010789391086001299,3,0,1,STOP_LOSS,0
2026-02-17 02:45:00+00:00,SELL,-1,153.261,153.45068508557273,153.45111679427237,-0.0004317086996366015,-2.8168203237392522e-06,31.9474159626982,0.07251123883707895,0.0004731225741517996,20.0,0.2758193118853861,468.0,-0.3361702127659575,-0.01500000000001478,0.06999999999999318,0.2142857142859463,-9.786267908884483e-05,-0.00013700238775604667,-0.0002022284267932939,-0.002447327141248512,2,1,5,STOP_LOSS,0
2026-02-17 15:20:00+00:00,BUY,1,153.099,153.03960480558504,153.03903641930998,0.0005683862750629487,3.7125407420228007e-06,53.68917775533381,0.06158991726275206,0.0004022881747284572,20.0,0.3247284764919707,774.0,0.001293661060802087,-0.020000000000010232,0.09099999999997976,0.2197802197803811,-0.0001240873052156255,9.145246105091154e-05,0.00013065149367297302,-0.0002873131648198912,15,1,4,TAKE_PROFIT,1
2026-02-18 04:00:00+00:00,BUY,1,153.474,153.28974343538587,153.2860403394699,0.0037030959159665144,2.4128490271749708e-05,68.60849614504063,0.059360352968825504,0.0003867779100618053,20.0,0.33692522028134625,338.0,0.14189189189189189,0.04599999999999227,0.05299999999999727,0.8679245283017856,0.0003063346086411567,0.0003258942538324483,0.0005411008468554357,0.0015727682679318455,4,2,3,TAKE_PROFIT,1
2026-02-19 11:50:00+00:00,SELL,-1,154.782,154.94551885897334,154.94589548321727,-0.0003766242439269263,-2.433256088737232e-06,37.38825435117593,0.07024924028864538,0.00045385923614273864,25.0,0.3558757347022988,530.0,-0.10321489001692052,0.01500000000001478,0.06399999999999295,0.23437500000025674,0.00010984395696711502,-0.0007037206809948904,-0.0009617184424034475,1.2921566093782033e-05,11,3,17,TAKE_PROFIT,1
2026-02-20 17:30:00+00:00,SELL,-1,154.929,155.25624518192527,155.26034691855136,-0.004101736626097363,-2.6474944175056723e-05,35.1155384172733,0.1471850332457369,0.0009500160282822253,20.0,0.1358833813395173,1412.0,-0.11027095148078137,0.08400000000000318,0.16499999999999204,0.5090909090909529,0.0005101711333548309,0.00013556433496009213,-0.002908978575244081,-0.003255380062405555,17,4,21,STOP_LOSS,0
2026-02-23 10:40:00+00:00,BUY,1,154.675,154.4799418816055,154.4766837540522,0.0032581275532947984,2.1064344938062377e-05,64.12298331185434,0.07053315681996714,0.0004560087720702578,20.0,0.28355458484651613,380.0,-0.035532994923857864,0.004000000000019099,0.031999999999982265,0.12500000000066613,2.5861344402189346e-05,0.00039453089629670757,0.0007116746999644707,0.0011197266054807642,10,0,14,TAKE_PROFIT,1
2026-02-23 17:20:00+00:00,SELL,-1,154.437,154.6651818382304,154.66954406610978,-0.004362227879369129,-2.824600244351502e-05,32.657286997485045,0.07015633057597415,0.0004542715189752076,20.0,0.28507762358439587,339.0,-0.050420168067226934,0.021000000000015007,0.0589999999999975,0.35593220339009995,0.0001359962698166406,0.0003173821799622445,-0.0011512466448920788,-0.001893621146513147,17,0,16,TAKE_PROFIT,1
2026-02-25 03:35:00+00:00,SELL,-1,155.693,155.7997077393777,155.80113995590045,-0.0014322165227440564,-9.198978263274883e-06,42.29682968248038,0.0721114006159569,0.0004631640511516696,20.0,0.27734865540213033,470.0,0.3946587537091988,0.010000000000019327,0.08499999999997954,0.11764705882378511,6.423308903369396e-05,-0.0005520641421500327,0.0003276750491514324,-0.0008086305264439764,3,2,3,STOP_LOSS,0
2026-02-25 06:20:00+00:00,BUY,1,155.885,155.77586867018726,155.77539267573383,0.00047599445343848856,3.0534974721011554e-06,55.99715875473558,0.1014989406162924,0.000651114222768659,20.0,0.19704639160331927,331.0,-0.18872549019607843,-0.040000000000020464,0.060000000000002274,0.6666666666669825,-0.00025012185423678446,-9.621552277105927e-05,0.00035294872617575024,-0.0002308861538856677,6,2,7,STOP_LOSS,0
2026-02-25 07:25:00+00:00,SELL,-1,155.736,155.77574677556197,155.77635602005088,-0.0006092444889134185,-3.912033755287272e-06,45.58703910580513,0.07193115566835269,0.0004618787927541011,20.0,0.278043635114281,189.0,-0.2222222222222222,-0.014000000000010004,0.03099999999997749,0.4516129032264571,-8.988764044948194e-05,0.00012201622173546589,7.063734146739442e-05,-0.0010455487206461056,7,2,6,TAKE_PROFIT,1
2026-02-25 10:05:00+00:00,BUY,1,155.995,155.76523088595772,155.7615987106402,0.0036321753175343474,2.3283921391931455e-05,69.98298054362499,0.07515646680060366,0.0004817876649931322,20.0,0.26611149846974125,543.0,-0.28269484808454426,0.04599999999999227,0.07900000000000773,0.5822784810125033,0.00029496822679209167,0.0012516046213093546,0.0010459982545305557,0.001238751749014888,10,2,5,TAKE_PROFIT,1
2026-02-26 15:45:00+00:00,BUY,1,156.073,156.02979519085008,156.028982238868,0.0008129519820840869,5.208793206282232e-06,55.597056452441606,0.051345866772522945,0.00032898622293749043,20.0,0.3895152863736002,358.0,-0.31417624521072796,0.0010000000000047748,0.03200000000001069,0.03125000000013878,0.0,0.00037817118976501973,0.0003140542480644104,-0.00019858555834573188,15,3,4,TAKE_PROFIT,1
2026-02-26 17:10:00+00:00,SELL,-1,155.844,156.0302892256242,156.0324284902496,-0.0021392646254128067,-1.372696174002725e-05,35.04312959540064,0.08491591063427213,0.0005448776381142176,20.0,0.23552712148538138,775.0,0.31355932203389836,-0.12800000000001432,0.18700000000001182,0.684491978609659,-0.0008142539318207742,-0.0004617871161394227,-0.0007950348789494965,-0.0020874687840173323,17,3,1,STOP_LOSS,0
2026-02-26 18:05:00+00:00,BUY,1,156.165,156.03543750447503,156.03424849669153,0.0011890077834948443,7.613791717061085e-06,60.960565994457646,0.08434119459324384,0.0005400774475282159,20.0,0.23713204557339887,537.0,-0.07890222984562612,0.036000000000001364,0.06100000000000705,0.5901639344261836,0.00023698503791758085,0.0009037071219810677,0.0005574136008918984,0.0012438209667180455,18,3,16,TAKE_PROFIT,1
2026-02-27 09:50:00+00:00,BUY,1,156.041,155.87989573255751,155.87704329450594,0.0028524380515762005,1.8280054931564144e-05,62.32424676600488,0.06480895516232232,0.00041533286227544254,20.0,0.30859932782294425,483.0,-0.26259541984732826,-0.05000000000001137,0.0660000000000025,0.7575757575759011,-0.00035234727347277506,-0.00023065538163857813,0.0002756445595457624,0.0011034907518492343,9,4,3,STOP_LOSS,0
2026-02-27 15:20:00+00:00,BUY,1,155.995,155.94454229354832,155.94418550933048,0.0003567842178426872,2.2871516256462527e-06,58.29836249250818,0.05013431812040701,0.0003213841348787269,20.0,0.39892833392021476,477.0,-0.22940226171243938,0.016999999999995907,0.054000000000002046,0.3148148148147271,0.00010898972932071871,0.00025007053271441926,0.000609364977549598,0.0009368042143358402,15,4,4,TAKE_PROFIT,1
2026-03-03 01:45:00+00:00,SELL,-1,157.23,157.31290721688094,157.31371035048932,-0.0008031336083718088,-5.108017607147547e-06,41.52432373635474,0.054427215356179406,0.0003461630436696522,20.0,0.36746322348327337,588.0,1.2188679245283018,0.002999999999985903,0.07099999999999795,0.04225352112656323,1.2720380593744807e-05,-0.00014626112061455476,8.90494606144987e-05,-0.0007626310772164135,1,1,3,STOP_LOSS,0
2026-03-03 02:30:00+00:00,BUY,1,157.39,157.31568769752232,157.3147841611906,0.0009035363317195788,5.740748025411899e-06,58.91364221955865,0.06418455973705468,0.00040780583097436106,20.0,0.3116014206833253,418.0,-0.08131868131868136,0.033999999999991815,0.04399999999998272,0.7727272727273902,0.0002224269962822767,0.0003368565563091064,0.0006294066411935972,0.0008712075445300727,2,1,6,TAKE_PROFIT,1
2026-03-03 04:50:00+00:00,SELL,-1,157.217,157.32571269854196,157.32707484908644,-0.0013621505444803006,-8.664142837481318e-06,40.01509765064179,0.07162334138291652,0.00045556995352230686,20.0,0.27923857800873786,455.0,-0.05208333333333337,-0.03799999999998249,0.05999999999997385,0.6333333333333175,-0.00023528813257522874,3.1804187975659204e-05,-0.00040691501198486524,-0.0009214422795845723,4,1,5,STOP_LOSS,0
2026-03-03 07:45:00+00:00,BUY,1,157.394,157.32004553412511,157.31904998520977,0.00099554891534126,6.32520245588307e-06,59.82601227425662,0.05325309111408858,0.00033834257413934825,20.0,0.3755650532501919,400.0,-0.17864476386036965,0.01500000000001478,0.0519999999999925,0.2884615384618643,9.531131853690589e-05,0.0004640194252516494,0.00037499602758450656,5.7184610985805406e-05,7,1,7,STOP_LOSS,0
2026-03-03 08:55:00+00:00,SELL,-1,157.212,157.31971556939007,157.32041693529752,-0.0007013659074459611,-4.4612746319998546e-06,36.94262189029624,0.0588766721011967,0.0003745049493753448,20.0,0.33969311250513917,268.0,-0.37529137529137524,-0.016000000000019554,0.044999999999987494,0.3555555555560889,-0.00010812254736736193,-0.00033701077798620194,-0.0008071743178742485,-0.0011182555213867795,8,1,5,STOP_LOSS,0
2026-03-03 10:00:00+00:00,BUY,1,157.525,157.32419987582867,157.32139367525335,0.002806200575321327,1.7814318840319485e-05,66.48806513897333,0.08411113906703632,0.0005339542235647441,20.0,0.2377806343112303,884.0,0.09405940594059414,0.12300000000001887,0.1290000000000191,0.9534883720930284,0.0007941550190597724,0.000914977030264108,0.0012330691344999423,0.002054681238152334,10,1,1,STOP_LOSS,0
2026-03-03 22:05:00+00:00,SELL,-1,157.535,157.69203693237847,157.69386670307748,-0.0018297706990040297,-1.1615010626235628e-05,38.37464479820095,0.07822424809163968,0.0004965515478569186,20.0,0.2556751964757783,498.0,-0.13089005235602091,-0.0519999999999925,0.07099999999999795,0.7323943661970985,-0.0003426635107780518,-0.000558294157578465,-0.0004378061470522443,-0.001033621225380199,22,1,9,STOP_LOSS,0
2026-03-05 06:50:00+00:00,BUY,1,157.071,156.9424800227734,156.9412100621759,0.0012699605974830774,8.085264609527394e-06,58.330219625994154,0.0589511319545211,0.0003753151883830949,21.0,0.3562272564367521,268.0,-0.33498759305210923,-0.02600000000001046,0.03900000000001569,0.6666666666666666,-0.00015913836125680536,1.9100007639938354e-05,0.00014008366815443374,0.00014008366815443374,6,3,4,STOP_LOSS,0
2026-03-06 17:55:00+00:00,SELL,-1,157.577,157.7614668511047,157.76218932871768,-0.0007224776129817201,-4.584917932069529e-06,40.666286195105535,0.10774589250519512,0.00068376661889232,20.0,0.18562192520736392,1105.0,0.26865671641791056,-0.028999999999996362,0.10499999999998977,0.27619047619046844,-0.0001903468754560489,-0.000570823317498248,-0.001134663657800683,-0.0005137703129558524,17,4,18,STOP_LOSS,0
2026-03-06 21:25:00+00:00,BUY,1,157.794,157.73678134605086,157.73582171080972,0.0009596352411449516,6.0815699021822855e-06,54.62518569358924,0.06645015505083911,0.0004211196563293858,20.0,0.30097747679743675,488.0,0.3669467787114846,0.0,0.04099999999999682,0.0,6.337416742274726e-06,8.239268352983053e-05,-5.069644237698512e-05,0.0004247845961693475,21,4,13,TAKE_PROFIT,1
2026-03-09 12:25:00+00:00,SELL,-1,158.397,158.48758177173985,158.48902261919184,-0.0014408474519882475,-9.096431447491099e-06,44.80261342933106,0.08486846031979084,0.000535795881991394,21.0,0.24744174597807475,596.0,0.0,-0.09000000000000341,0.10100000000002751,0.8910891089106822,-0.0005615637974332177,-0.0004101929800204296,-0.00017042872292083455,-0.00014518368892812994,12,0,4,STOP_LOSS,0
2026-03-10 13:25:00+00:00,BUY,1,157.767,157.66437139225712,157.66316776889022,0.001203623366905049,7.629119948436929e-06,55.737667012847055,0.07569574997866109,0.00047979457033892444,20.0,0.2642156264471661,556.0,0.03153988868274582,0.020999999999986585,0.07699999999999818,0.27272727272710495,0.00012044526713506087,8.874633129019038e-05,7.606731957787716e-05,0.0003423940956039928,13,1,10,TAKE_PROFIT,1
2026-03-10 17:50:00+00:00,SELL,-1,157.661,157.71285667296058,157.7137131949808,-0.0008565220202285673,-5.4326816411704055e-06,47.12114773149411,0.07269235475957568,0.00046106744698800386,20.0,0.2751320969880319,525.0,0.16150442477876115,0.04400000000001114,0.07099999999999795,0.6197183098593297,0.00027915770507003224,0.0002537732916298996,7.611846570543257e-05,5.0744356276277713e-05,17,1,15,TAKE_PROFIT,1
2026-03-10 20:45:00+00:00,BUY,1,157.833,157.68580969710897,157.68546740272595,0.0003422943830173608,2.1687123923220162e-06,57.95177639747767,0.09219726055434421,0.000584144383964977,20.0,0.21692618500537028,991.0,-0.07813953488372094,-0.08400000000000318,0.11400000000000432,0.7368421052631579,-0.0005255958864206489,0.00037395261576689265,-0.0007470671284132147,0.0013767637803268062,20,1,10,TAKE_PROFIT,1
2026-03-11 08:50:00+00:00,SELL,-1,157.988,158.10254948310453,158.10395479451583,-0.0014053114113039555,-8.89505159444993e-06,41.764416258475805,0.055325128603079754,0.0003501856381692265,20.0,0.36149938563155315,231.0,-0.15073529411764708,0.022999999999996135,0.046999999999997044,0.4893617021276081,0.00014560187383283463,0.0008045052292839916,-0.0003227051550566129,-0.0009674910364800837,8,2,5,STOP_LOSS,0
2026-03-11 09:45:00+00:00,BUY,1,158.221,158.10754289142722,158.10527038966697,0.0022725017602454045,1.4362832748152296e-05,64.28936239320097,0.06123158995485658,0.0003870003978919143,20.0,0.3266287877669866,394.0,-0.21042084168336672,-0.028999999999996362,0.03700000000000614,0.7837837837835554,-0.00017693634714910367,0.00029081713292233857,0.0009552729803252724,0.0016206121609216861,9,2,10,TAKE_PROFIT,1
2026-03-12 09:45:00+00:00,SELL,-1,158.891,158.96653304719348,158.96682684113094,-0.00029379393745898597,-1.8490281857310105e-06,44.69770327800698,0.056047701648907364,0.00035274308581925576,20.0,0.3568388963615941,328.0,-0.2282352941176471,0.020999999999986585,0.038000000000010914,0.5526315789468567,0.00014477427801695697,-0.000578678223457918,0.0004344486280236648,4.4057299665167804e-05,9,3,3,TAKE_PROFIT,1
2026-03-12 16:05:00+00:00,BUY,1,158.995,158.8623004461322,158.8597003037862,0.0026001423459831585,1.6353610780107288e-05,62.2197259098749,0.06777911142525718,0.0004262971252256812,20.0,0.2950761610685148,721.0,-0.21202185792349726,0.019000000000005457,0.05099999999998772,0.3725490196080398,0.00012580594433098113,-0.00014463771396944214,0.0004215745494815515,0.0009569197257670581,16,3,6,TAKE_PROFIT,1
2026-03-13 02:45:00+00:00,SELL,-1,159.111,159.22153998331387,159.22285602102895,-0.001316037715071161,-8.271192532704597e-06,41.73743091141581,0.0584119870464568,0.00036711470009274537,20.0,0.3423954741360434,488.0,0.5249999999999999,-0.05000000000001137,0.08400000000000318,0.595238095238208,-0.0003141473099566028,0.0003080559781718506,0.00046530052755011653,-0.0007661728410569557,2,4,1,STOP_LOSS,0
2026-03-13 04:40:00+00:00,BUY,1,159.342,159.21834931346265,159.2163741824632,0.0019751309994546773,1.2395545427160931e-05,65.05278678523773,0.05306057062640467,0.0003329980207754683,20.0,0.37692772173180034,460.0,-0.11538461538461542,-0.0009999999999763531,0.019000000000005457,0.05263157894610873,-1.882707333134004e-05,8.159217719305722e-05,0.0007473794615100449,0.0009862738323334064,4,4,3,STOP_LOSS,0
2026-03-13 15:05:00+00:00,SELL,-1,159.322,159.36320145642358,159.3636305181747,-0.0004290617511060191,-2.6930477341862334e-06,45.78075238286255,0.0628053450970978,0.00039420384565281506,20.0,0.3184442338320053,704.0,-0.384076990376203,-0.0020000000000095497,0.043000000000006366,0.046511627907191946,-6.2765576847034765e-06,0.00016321815990361088,-2.5105758005516954e-05,-0.0002572742732001032,15,4,6,TAKE_PROFIT,1
2026-03-13 17:45:00+00:00,BUY,1,159.517,159.33645432057452,159.33527293374243,0.001181386832087128,7.406024637418757e-06,66.72722488637561,0.07191959406813929,0.00045085849199859133,20.0,0.27808833266009897,1112.0,0.705521472392638,-0.049000000000006594,0.19400000000001683,0.25257731958764096,-0.0003070829625358984,0.00033236341744835585,0.0005582457284794007,0.001186232175135471,17,4,49,TAKE_PROFIT,1
2026-03-17 10:35:00+00:00,SELL,-1,159.131,159.26546995715702,159.2670352563031,-0.0015652991460797239,-9.836544394742217e-06,37.28122482429332,0.055449301822743984,0.00034845065903402845,20.0,0.36068984356078,281.0,-0.06644518272425248,-0.06100000000000705,0.08199999999999363,0.743902439024534,-0.0003831850846777174,-0.00036434678275509835,-1.8852036648309145e-05,-0.00042085955853721213,10,1,20,STOP_LOSS,0
2026-03-24 03:55:00+00:00,BUY,1,158.575,158.48178298035612,158.48159863165233,0.00018434870378314372,1.162533210046626e-06,55.1568165781118,0.07828303208816065,0.0004936656603383929,20.0,0.25548320583030604,703.0,-0.02631578947368418,-0.019000000000005457,0.06800000000001205,0.2794117647059131,-0.00012610738043450365,0.00012613919460102707,0.0002964775938634201,6.937261925776816e-05,3,1,27,TAKE_PROFIT,1
2026-03-24 10:20:00+00:00,SELL,-1,158.546,158.57967784496478,158.58013899089792,-0.0004611459331442802,-2.908593929485955e-06,49.08410408251027,0.06665160364812306,0.0004203928427593447,20.0,0.3000677989022881,524.0,-0.04553734061930781,-0.018000000000000682,0.05000000000001137,0.35999999999993176,-0.00011351883151278219,0.0005111538825608442,0.00037858233534815433,0.00027128824060107526,10,1,6,STOP_LOSS,0
2026-03-24 11:10:00+00:00,BUY,1,158.679,158.58191642873646,158.58071495039212,0.001201478344341922,7.571753945650791e-06,63.143327901940644,0.065136616133328,0.00041049298352855763,20.0,0.30704696048474556,580.0,-0.2554557124518614,0.03999999999999204,0.07099999999999795,0.563380281690045,0.00023953454655489814,0.00023322953568416516,0.0010788099023393283,0.001040917521480722,11,1,41,TAKE_PROFIT,1
2026-03-27 03:05:00+00:00,SELL,-1,159.502,159.65277315800788,159.65473049049035,-0.001957332482476204,-1.2271523131222202e-05,31.77149501508117,0.05486916888320817,0.0003440030149039395,21.0,0.38272859654024605,508.0,0.0039525691699604515,-0.0759999999999934,0.07900000000000773,0.9620253164555186,-0.0005075728617709441,-0.00014417802852217942,-0.0011397510082411522,-0.0009395435071278824,3,4,2,STOP_LOSS,0
2026-03-30 04:00:00+00:00,SELL,-1,159.881,160.15628553229033,160.1568858539423,-0.0006003216519729904,-3.754802959532342e-06,30.700963400463877,0.07652690927495961,0.0004786491782948544,21.0,0.2744132776164713,463.0,-0.21790540540540537,0.006000000000000227,0.07499999999998863,0.08000000000001516,6.88059047975198e-05,-0.00015008911541225523,-0.0003751383322599944,-0.0017233090030408516,4,0,8,STOP_LOSS,0
2026-03-31 14:25:00+00:00,SELL,-1,159.535,159.64888079597787,159.65057563352238,-0.0016948375445053898,-1.0623609518321308e-05,33.96525290249046,0.06022454419878338,0.0003775005121057033,21.0,0.3486950425176357,837.0,0.35656401944894656,-0.051000000000016144,0.11200000000002319,0.4553571428571927,-0.00031957690524242466,-0.0011770377465989412,-0.0011707842376129651,-0.0007078071757867788,14,1,4,TAKE_PROFIT,1
2026-04-01 19:20:00+00:00,BUY,1,158.669,158.57173816814392,158.5705037590156,0.0012344091283296166,7.779775055805586e-06,58.470842817823694,0.06702605027050557,0.00042242687778019374,21.0,0.3133110173618709,305.0,-0.261501210653753,0.011000000000024102,0.026999999999986812,0.40740740740849907,4.411894467493127e-05,0.0002836897316926823,0.00017019452603994623,0.0006811258758459005,19,2,6,STOP_LOSS,0
2026-04-01 20:20:00+00:00,SELL,-1,158.506,158.57017793121247,158.5708515461306,-0.0006736149181278961,-4.249775517191122e-06,40.22460381374092,0.05664688541765924,0.0003573800702664836,21.0,0.3707176457304996,353.0,-0.024861878453038666,0.0,0.05099999999998772,0.0,0.0,-6.308869639815029e-06,-0.0004981555632626034,-0.0010272958170783886,20,2,2,STOP_LOSS,0
2026-04-01 20:30:00+00:00,BUY,1,158.656,158.57255717525612,158.57201646932907,0.0005407059270510217,3.4080395765115827e-06,58.813899078272264,0.06076695732440934,0.0003830107737772876,21.0,0.3455825488824427,337.0,-0.06648199445983383,0.11199999999999477,0.12699999999998113,0.8818897637796175,0.0007064284993441028,0.0009463364162871635,0.001003173561644699,-6.302905008914728e-06,20,2,2,STOP_LOSS,0
2026-04-02 03:50:00+00:00,SELL,-1,158.641,158.67792697987275,158.67831253670315,-0.0003855568303947621,-2.4303731720977685e-06,46.190020383921265,0.05576816860149614,0.00035153692047765797,21.0,0.3765588959906533,750.0,0.5060240963855422,0.01099999999999568,0.08400000000000318,0.13095238095232456,6.934375591005626e-05,-0.0004914345478487236,-0.0002583783920041549,-0.00029617866505338153,3,3,2,STOP_LOSS,0
2026-04-02 04:00:00+00:00,BUY,1,158.796,158.68173113366956,158.68020989826755,0.0015212354020093244,9.579809327749594e-06,62.95240375904243,0.06302969639618758,0.000396922443866266,22.0,0.3490418208857292,1125.0,0.8412438625204584,0.13999999999998636,0.1599999999999966,0.8749999999999334,0.0008824122630091136,0.0010464603164597186,0.00040319532293420224,0.00093919204271109,4,3,2,STOP_LOSS,0
2026-04-02 18:10:00+00:00,SELL,-1,159.292,159.4878051232828,159.4903897749959,-0.002584651713078756,-1.6225872693410566e-05,38.040449986223614,0.07582343446051569,0.0004760027776694102,21.0,0.2769592296816302,475.0,-0.2803030303030303,0.022999999999996135,0.049000000000006594,0.4693877551018988,0.0001506894040235185,-0.0003765249259500836,0.00026373626373632497,-0.0011663050702919175,18,3,11,STOP_LOSS,0
2026-04-06 01:05:00+00:00,BUY,1,159.753,159.59018260630896,159.58944801500897,0.0007345912999880966,4.598294241661169e-06,62.510909854511,0.07776989919774802,0.0004868133881538877,35.0,0.4500455878308956,237.0,-0.02066115702479343,0.07699999999999818,0.11400000000000432,0.6754385964911865,0.00046969526171403153,0.0005010239677338824,0.0009022047628892693,0.001322535758608856,1,0,8,STOP_LOSS,0
2026-04-07 22:20:00+00:00,SELL,-1,159.679,159.79923774529016,159.80049361704013,-0.0012558717499757677,-7.864977548555337e-06,36.37964983818434,0.054099694802811946,0.00033880281566650556,21.0,0.3881722452694591,1002.0,0.04592901878914413,0.014000000000010004,0.07200000000000273,0.19444444444457604,8.768358751143346e-05,-0.0009947571916565368,-0.0008134710811030788,-0.0001753210566850516,22,1,5,TAKE_PROFIT,1
2026-04-08 19:45:00+00:00,BUY,1,158.449,158.32025686939627,158.31979840403275,0.0004584653635220093,2.8934569705205414e-06,61.908855901992375,0.0591682424249917,0.00037342136854755595,20.0,0.33801916670677257,289.0,0.2959641255605381,-0.025999999999982037,0.05099999999998772,0.5098039215683979,-0.00015775458434807987,0.0002335681640279752,0.0002967134253357706,0.000783199115742983,19,2,3,STOP_LOSS,0
2026-04-13 17:25:00+00:00,SELL,-1,159.584,159.68811949317902,159.68950155547773,-0.0013820622987168463,-8.660406423681863e-06,36.94768485487609,0.05430587941058964,0.00034029651726106403,20.0,0.368284248723537,577.0,-0.21496598639455777,0.02400000000000091,0.05099999999998772,0.47058823529424876,0.0001441454992134883,8.773578993559461e-05,0.0002946025060017732,-0.0011329139673894595,17,0,8,STOP_LOSS,0
2026-04-13 19:35:00+00:00,SELL,-1,159.565,159.68067568094207,159.68243829306843,-0.001762612126356089,-1.1046358075743985e-05,32.83141492668983,0.054299234531757605,0.0003402953939257206,20.0,0.3683293175763416,788.0,0.248811410459588,-0.06700000000000728,0.08699999999998909,0.7701149425289159,-0.0004071916306458423,-0.0008703601663077043,-0.0010580089398626313,-0.0009266622003217817,19,0,7,TAKE_PROFIT,1
2026-04-15 13:55:00+00:00,BUY,1,158.966,158.89212939904743,158.89142385068666,0.0007055483607700808,4.438360157329748e-06,58.18624767137566,0.05644997494849592,0.00035510722386230967,20.0,0.3542959942541638,355.0,-0.0706806282722513,0.03300000000001546,0.03900000000001569,0.8461538461539022,0.0002076346636634696,0.00020134143732630783,-0.00016353024051518616,0.0004972087080756804,13,2,14,TAKE_PROFIT,1
2026-04-15 19:35:00+00:00,SELL,-1,158.846,158.9568511108799,158.9569497671501,-9.865627018257328e-05,-6.210812370634027e-07,40.43125887694736,0.06495518456965828,0.0004089192335322153,20.0,0.3079045981087452,223.0,0.0182648401826484,0.02600000000001046,0.034000000000020236,0.7647058823527937,0.00016370734164472545,8.184697134727692e-05,-0.0008240185687238277,-0.0007423064341611774,19,2,6,STOP_LOSS,0
2026-04-16 10:50:00+00:00,BUY,1,158.851,158.7764230318303,158.77511120129182,0.001311830538469394,8.258245390141668e-06,58.78688960320231,0.0522693541036252,0.00032904642780734906,20.0,0.3826333870579219,366.0,0.07647058823529407,0.016999999999995907,0.045000000000015916,0.3777777777775532,0.00010073346554584361,0.0002707672157573615,0.00034005680208060163,0.0005542853183675422,10,3,6,TAKE_PROFIT,1
2026-04-20 16:10:00+00:00,SELL,-1,158.788,158.89373846427637,158.89493212820582,-0.0011936639294560791,-7.517343435625356e-06,37.847435264753514,0.05768377900260616,0.00036327543014967226,20.0,0.34671792219258724,752.0,0.01211305518169592,-0.0660000000000025,0.07400000000001228,0.8918918918917778,-0.00043435290859061837,-0.0005098540306792687,-0.000786593922460721,-0.0010820332159033885,16,0,3,TAKE_PROFIT,1
2026-05-01 03:45:00+00:00,BUY,1,157.191,156.8370404803135,156.8320290008187,0.0050114794948115104,3.1881465826997156e-05,69.81478518629008,0.07494008571058787,0.00047674539706845726,21.0,0.2802238588450537,537.0,0.0718562874251496,-0.03299999999998704,0.08299999999999841,0.3975903614456346,-0.0002162505962791661,0.0001017973596308952,0.00030545426776895646,0.0014972348938557811,3,4,1,STOP_LOSS,0
2026-05-01 19:30:00+00:00,BUY,1,156.87,156.65271119747112,156.6485692350879,0.004141962383215514,2.640378901775683e-05,69.49634702893192,0.08236674049230275,0.000525063686442932,21.0,0.2549572785627285,534.0,-0.32147395171537485,0.01099999999999568,0.06900000000001683,0.15942028985497098,7.012667427441777e-05,0.0007272448901478601,0.0011551544779786482,0.0008677121747673322,19,4,20,TAKE_PROFIT,1
2026-05-04 07:10:00+00:00,SELL,-1,156.512,156.89600954343805,156.90080985120028,-0.004800307762224065,-3.067054131455777e-05,40.36002169697876,0.1944204118319861,0.0012422077018502487,21.0,0.10801335004962208,643.0,-0.21007371007371012,0.04099999999999682,0.09599999999997522,0.4270833333334104,0.0002620293856370193,0.0020423450474731375,-0.004376590330788743,-0.0044335884077884025,7,0,13,STOP_LOSS,0
2026-05-04 11:15:00+00:00,BUY,1,156.957,156.8608234625929,156.86018726167086,0.0006362009220310938,4.053345324076619e-06,62.279344035302906,0.05870341137623943,0.0003740095145564673,21.0,0.35773048801896173,379.0,0.3933823529411764,0.036000000000001364,0.05500000000000682,0.6545454545453981,0.0002357889370381283,0.00014655842583510825,0.000516331369999179,0.00047806631735958227,11,0,3,STOP_LOSS,0
2026-05-06 20:10:00+00:00,BUY,1,156.406,156.31025797668812,156.30892971008143,0.0013282666066913862,8.492427443265515e-06,55.78272801963579,0.05623595339105041,0.00035955112585866534,22.0,0.3912088027923637,278.0,-0.25469168900804284,0.02600000000001046,0.03999999999999204,0.6500000000003908,0.00016626167029043515,-7.032483681435053e-05,-0.000198162838714655,-0.00015342325640865795,20,2,26,STOP_LOSS,0
2026-05-07 04:15:00+00:00,SELL,-1,156.141,156.34114094212222,156.3444890018728,-0.0033480597505786136,-2.1442540720109478e-05,33.135485419613715,0.07930013838598939,0.0005078751793954784,21.0,0.264816687932921,700.0,0.0014306151645206988,0.01099999999999568,0.0660000000000025,0.16666666666659488,6.404877955046295e-05,-0.0010172744721690385,-0.0015730207753842373,-0.0012856430133938446,4,3,11,STOP_LOSS,0
2026-05-07 10:00:00+00:00,SELL,-1,156.232,156.31649370142338,156.31668137142427,-0.00018767000088359964,-1.2012263869348127e-06,41.36981901933129,0.06370400408822204,0.00040775259926405623,21.0,0.3296496083812509,722.0,0.3938223938223939,-0.04400000000001114,0.08299999999999841,0.5301204819278552,-0.0002751559750440169,-0.0002815531495560242,-0.0007738898518097059,-0.0008377941073015593,10,3,1,TAKE_PROFIT,1
2026-05-11 01:10:00+00:00,BUY,1,156.879,156.66485014991574,156.6634133712999,0.0014367786158402396,9.158514624903523e-06,69.9632986146301,0.06571661723147508,0.00041890002633542466,25.0,0.3804212854100806,198.0,0.7217391304347827,-0.012000000000000455,0.047000000000025466,0.2553191489360416,-7.648622291911433e-05,0.0011742557197103043,0.0024857818390950914,0.002312847805669538,1,0,32,TAKE_PROFIT,1
2026-05-19 19:30:00+00:00,SELL,-1,158.858,159.06767482782982,159.06768510460614,-1.0276776322371006e-05,-6.46915882257803e-08,32.215880300624704,0.08288763217147792,0.0005217718476342262,21.0,0.2533550476692977,621.0,0.0670103092783505,-0.025999999999982037,0.0589999999999975,0.44067796610140914,-0.00015734848913984134,-0.0006856769014953468,-0.0017281142189238263,-0.0018033868484715887,19,1,22,STOP_LOSS,0
2026-05-20 17:50:00+00:00,SELL,-1,158.831,158.99707645328792,158.99948939682866,-0.002412943540747392,-1.519189289715101e-05,34.152434352894986,0.0641335805004766,0.0004037850325218415,21.0,0.32744156549693876,952.0,0.2987721691678036,-0.040000000000020464,0.10300000000000864,0.3883495145632729,-0.00025806938919392675,-0.00016366921193278205,-0.0010943052105280016,-0.0014145961170909382,17,2,4,STOP_LOSS,0
2026-06-19 04:05:00+00:00,SELL,-1,161.084,161.25164625478095,161.25457653032728,-0.002930275546333405,-1.8190978286691446e-05,34.18205052491611,0.06673914997199178,0.00041431271865605384,23.0,0.3446253062805316,468.0,-0.11026615969581754,0.05299999999999727,0.08299999999999841,0.6385542168674493,0.00032912917388583374,-4.966106324344466e-05,-0.0003040966158390779,-0.0009613058875334035,4,4,7,STOP_LOSS,0
2026-06-23 10:45:00+00:00,SELL,-1,161.456,161.57316702383747,161.57415339475693,-0.0009863709194632975,-6.10922430546587e-06,36.569704094258576,0.05872475552716795,0.0003637198712167275,23.0,0.3916576543151289,616.0,0.10592459605026927,-0.043000000000006366,0.08899999999999864,0.4831460674158093,-0.0002662555186100368,-0.00022292125925738038,-0.00018577461823321428,-0.001274263586990232,10,1,3,TAKE_PROFIT,1
2026-07-31 11:45:00+00:00,SELL,-1,160.012,160.3754330690813,160.38138617726202,-0.005953108180705158,-3.72041358192208e-05,34.84800510297754,0.13791107629216648,0.0008618795858571012,22.0,0.15952308249261068,855.0,-0.22413793103448276,0.015999999999991132,0.08500000000000796,0.1882352941175251,0.00010000250006236833,-0.0013293805585894436,-0.0013106814295166247,-0.00216389476112977,11,4,2,TAKE_PROFIT,1
2026-07-31 16:15:00+00:00,BUY,1,160.399,160.20586741807642,160.20566860446706,0.00019881360935869452,1.2394940701543932e-06,63.8424608087214,0.09854389076128421,0.0006143672389558801,22.0,0.2232507751626479,749.0,0.28253424657534243,-0.019000000000005457,0.15499999999997272,0.1225806451613471,-0.00013713915260460396,0.0003929248577985156,5.611322401644081e-05,0.0003055815403805173,16,4,1,STOP_LOSS,0
2026-08-03 14:40:00+00:00,BUY,1,156.933,156.85850981814332,156.85742036248703,0.0010894556562845992,6.9421705841639375e-06,53.00172008183886,0.08666974624198263,0.0005522722833437367,22.0,0.2538371341087791,268.0,-0.0821917808219178,-0.028999999999996362,0.06999999999999318,0.4142857142857027,-0.00017838826205252012,-0.00011468547508453053,0.0010141987829614951,-0.00010831474992034629,14,0,2,STOP_LOSS,0
2026-08-03 14:55:00+00:00,SELL,-1,156.653,156.84908166236775,156.852721709773,-0.0036400474052413756,-2.323637214251483e-05,34.636613310812436,0.10512297102537953,0.000671056226343444,22.0,0.2092787122111361,730.0,-0.13507109004739337,-0.13700000000000045,0.15400000000002478,0.8896103896102494,-0.0008737802155749375,-0.0017842009010214932,-0.0018986817541780665,-0.0010330644389886512,14,0,9,STOP_LOSS,0
