time,future_change,target,up_probability,selected,predicted_direction,correct
2026-05-21 10:40:00+00:00,-0.0169999999999959,0,0.6838482764103546,False,HOLD,False
2026-05-21 11:45:00+00:00,-0.0440000000000111,0,0.4118833857192398,False,HOLD,False
2026-05-21 13:05:00+00:00,0.0879999999999938,1,0.668029253484798,False,HOLD,False
2026-05-21 14:20:00+00:00,0.11099999999999,1,0.42266703685015594,False,HOLD,False
2026-05-21 15:40:00+00:00,0.1940000000000168,1,0.392518230476335,False,HOLD,False
2026-05-21 16:55:00+00:00,-0.0349999999999965,0,0.26387307854388775,False,HOLD,False
2026-05-21 18:20:00+00:00,-0.0190000000000054,0,0.40569844494555757,False,HOLD,False
2026-05-21 19:35:00+00:00,-0.2040000000000077,0,0.6149866871698182,False,HOLD,False
2026-05-21 20:35:00+00:00,-0.032999999999987,0,0.5456516501415213,False,HOLD,False
2026-05-21 21:45:00+00:00,-0.0529999999999972,0,0.41659616282591116,False,HOLD,False
2026-05-21 23:00:00+00:00,-0.0500000000000113,0,0.07878089223771126,True,DOWN,True
2026-05-22 00:05:00+00:00,0.0749999999999886,1,0.783409052053199,True,UP,True
2026-05-22 01:15:00+00:00,-0.0149999999999863,0,0.5178183058999223,False,HOLD,False
2026-05-22 02:20:00+00:00,0.0649999999999977,1,0.6826323620416799,False,HOLD,False
2026-05-22 03:20:00+00:00,0.0339999999999918,1,0.7674201854429198,True,UP,True
2026-05-22 04:30:00+00:00,-0.0109999999999956,0,0.6749144991123925,False,HOLD,False
2026-05-22 05:30:00+00:00,-0.021000000000015,0,0.7672579934670315,True,UP,False
2026-05-22 07:05:00+00:00,0.0519999999999925,1,0.8211464303404005,True,UP,True
2026-05-22 08:05:00+00:00,0.0300000000000011,1,0.6496807590351367,False,HOLD,False
2026-05-22 09:25:00+00:00,0.0450000000000159,1,0.6755411957328177,False,HOLD,False
2026-05-22 10:35:00+00:00,-0.0390000000000156,0,0.4758341537330581,False,HOLD,False
2026-05-22 11:35:00+00:00,0.0229999999999961,1,0.577054260545757,False,HOLD,False
2026-05-22 13:05:00+00:00,0.0509999999999877,1,0.6609959104983001,False,HOLD,False
2026-05-22 14:25:00+00:00,-0.0200000000000102,0,0.5244974590260812,False,HOLD,False
2026-05-22 15:25:00+00:00,-0.054000000000002,0,0.6871847313832665,False,HOLD,False
2026-05-22 16:35:00+00:00,0.0670000000000072,1,0.556569879893922,False,HOLD,False
2026-05-22 17:35:00+00:00,0.0300000000000011,1,0.37120956834501084,False,HOLD,False
2026-05-22 18:35:00+00:00,0.01400000000001,1,0.37638328795265363,False,HOLD,False
2026-05-22 19:45:00+00:00,-0.0579999999999927,0,0.4897577131664744,False,HOLD,False
2026-05-22 21:15:00+00:00,-0.0229999999999961,0,0.6385952602079155,False,HOLD,False
2026-05-22 22:25:00+00:00,0.0250000000000056,1,0.8662124498353627,True,UP,True
2026-05-22 23:30:00+00:00,-0.3400000000000034,0,0.27042588463212014,False,HOLD,False
2026-05-25 00:30:00+00:00,0.0229999999999961,1,0.45689360038967985,False,HOLD,False
2026-05-25 01:50:00+00:00,0.0759999999999934,1,0.6403061275069455,False,HOLD,False
2026-05-25 02:55:00+00:00,-0.0550000000000068,0,0.5726345731896626,False,HOLD,False
2026-05-25 04:05:00+00:00,-0.0390000000000156,0,0.44023943333935206,False,HOLD,False
2026-05-25 05:15:00+00:00,0.0149999999999863,1,0.43300131782992163,False,HOLD,False
2026-05-25 06:15:00+00:00,0.0370000000000061,1,0.8379041317183301,True,UP,True
2026-05-25 07:15:00+00:00,-0.0480000000000018,0,0.808782115879092,True,UP,False
2026-05-25 08:15:00+00:00,0.0440000000000111,1,0.7570191979064131,True,UP,True
2026-05-25 09:15:00+00:00,0.1139999999999759,1,0.6971109435974605,False,HOLD,False
2026-05-25 10:15:00+00:00,-0.0679999999999836,0,0.6654806512162657,False,HOLD,False
2026-05-25 11:35:00+00:00,-0.0160000000000195,0,0.7845274533757416,True,UP,False
2026-05-25 12:55:00+00:00,0.0159999999999911,1,0.8173375387815289,True,UP,True
2026-05-25 14:10:00+00:00,-0.0390000000000156,0,0.8287430151362004,True,UP,False
2026-05-25 15:10:00+00:00,-0.0099999999999909,0,0.8387677073858986,True,UP,False
2026-05-25 16:40:00+00:00,-0.0109999999999956,0,0.8666877267666044,True,UP,False
2026-05-25 18:05:00+00:00,-0.0430000000000063,0,0.8387000165677211,True,UP,False
2026-05-25 19:30:00+00:00,-0.0170000000000243,0,0.8231606758430795,True,UP,False
2026-05-25 21:05:00+00:00,0.0120000000000004,1,0.7935724323374225,True,UP,True
2026-05-25 22:25:00+00:00,0.0199999999999818,1,0.8303846975601222,True,UP,True
2026-05-25 23:30:00+00:00,-0.0720000000000027,0,0.21357102380476747,True,DOWN,True
2026-05-26 00:30:00+00:00,0.0850000000000079,1,0.8554400970083227,True,UP,True
2026-05-26 01:45:00+00:00,0.0130000000000052,1,0.7494230817778816,False,HOLD,False
2026-05-26 02:55:00+00:00,0.0130000000000052,1,0.7477936826881676,False,HOLD,False
2026-05-26 04:20:00+00:00,-0.0150000000000147,0,0.7371352089308275,False,HOLD,False
2026-05-26 05:35:00+00:00,-0.0240000000000009,0,0.79919198437065,True,UP,False
2026-05-26 06:45:00+00:00,0.0349999999999965,1,0.7991207771576749,True,UP,True
2026-05-26 07:45:00+00:00,0.0410000000000252,1,0.8317832679427218,True,UP,True
2026-05-26 08:45:00+00:00,0.0749999999999886,1,0.6940085953936659,False,HOLD,False
2026-05-26 09:45:00+00:00,0.0900000000000034,1,0.5166637902596527,False,HOLD,False
2026-05-26 10:45:00+00:00,0.039999999999992,1,0.39641501957931774,False,HOLD,False
2026-05-26 11:45:00+00:00,-0.0240000000000009,0,0.4705777457240969,False,HOLD,False
2026-05-26 12:45:00+00:00,-0.0380000000000109,0,0.5412547182675022,False,HOLD,False
2026-05-26 13:55:00+00:00,0.0450000000000159,1,0.6013347039797383,False,HOLD,False
2026-05-26 14:55:00+00:00,0.0360000000000013,1,0.5675178856876187,False,HOLD,False
2026-05-26 15:55:00+00:00,0.0499999999999829,1,0.6043683656256847,False,HOLD,False
2026-05-26 17:15:00+00:00,0.0679999999999836,1,0.5393595072964612,False,HOLD,False
2026-05-26 18:20:00+00:00,-0.061000000000007,0,0.4579229879423965,False,HOLD,False
2026-05-26 19:20:00+00:00,0.0180000000000006,1,0.6228413209890928,False,HOLD,False
2026-05-26 20:25:00+00:00,0.0129999999999768,1,0.5707646247539243,False,HOLD,False
2026-05-26 21:40:00+00:00,-0.0190000000000054,0,0.5971807299604055,False,HOLD,False
2026-05-26 22:55:00+00:00,-0.0300000000000011,0,0.7302749456223818,False,HOLD,False
2026-05-26 23:55:00+00:00,-0.0549999999999784,0,0.17673800484839616,True,DOWN,True
2026-05-27 01:05:00+00:00,-0.0169999999999959,0,0.7537394634352876,True,UP,False
2026-05-27 02:05:00+00:00,-0.0490000000000065,0,0.7930384240583358,True,UP,False
2026-05-27 03:10:00+00:00,0.0169999999999959,1,0.7849512652452236,True,UP,True
2026-05-27 04:15:00+00:00,0.0240000000000009,1,0.7919067132113152,True,UP,True
2026-05-27 05:30:00+00:00,-0.0600000000000022,0,0.8412263900266171,True,UP,False
2026-05-27 06:30:00+00:00,0.0160000000000195,1,0.8775122676074857,True,UP,True
2026-05-27 07:30:00+00:00,0.0609999999999786,1,0.8520699739462269,True,UP,True
2026-05-27 08:30:00+00:00,0.0640000000000213,1,0.7421190039920862,False,HOLD,False
2026-05-27 10:00:00+00:00,-0.0099999999999909,0,0.46915485991374467,False,HOLD,False
2026-05-27 11:00:00+00:00,0.0569999999999879,1,0.46835015219104836,False,HOLD,False
2026-05-27 12:00:00+00:00,-0.0229999999999961,0,0.7250218848025072,False,HOLD,False
2026-05-27 13:05:00+00:00,0.0430000000000063,1,0.8556308210672294,True,UP,True
2026-05-27 14:05:00+00:00,0.0219999999999913,1,0.745391873680447,False,HOLD,False
2026-05-27 15:10:00+00:00,-0.0349999999999965,0,0.5004007097477304,False,HOLD,False
2026-05-27 16:25:00+00:00,-0.0230000000000245,0,0.638171571721559,False,HOLD,False
2026-05-27 17:40:00+00:00,0.0649999999999977,1,0.6728254294090822,False,HOLD,False
2026-05-27 18:55:00+00:00,0.0230000000000245,1,0.5160049398408066,False,HOLD,False
2026-05-27 20:00:00+00:00,0.0379999999999824,1,0.7852135330857796,True,UP,True
2026-05-27 21:20:00+00:00,-0.0230000000000245,0,0.7661713790986822,True,UP,False
2026-05-27 22:30:00+00:00,0.0150000000000147,1,0.6326647948825614,False,HOLD,False
2026-05-27 23:40:00+00:00,-0.1069999999999993,0,0.09338058650395684,True,DOWN,True
2026-05-28 00:40:00+00:00,0.0809999999999888,1,0.7350235652814888,False,HOLD,False
2026-05-28 01:40:00+00:00,0.0449999999999874,1,0.6978186085719267,False,HOLD,False
2026-05-28 02:40:00+00:00,0.0320000000000106,1,0.6776995313178139,False,HOLD,False
2026-05-28 04:00:00+00:00,0.0260000000000104,1,0.5923039406409268,False,HOLD,False
2026-05-28 05:10:00+00:00,-0.007000000000005,0,0.6579593053337622,False,HOLD,False
2026-05-28 06:10:00+00:00,-0.0300000000000011,0,0.6372491146232454,False,HOLD,False
2026-05-28 07:15:00+00:00,-0.0149999999999863,0,0.7376938156958007,False,HOLD,False
2026-05-28 08:30:00+00:00,-0.0339999999999918,0,0.7431635796994774,False,HOLD,False
2026-05-28 09:35:00+00:00,0.0339999999999918,1,0.7029513856486648,False,HOLD,False
2026-05-28 10:40:00+00:00,-0.0149999999999863,0,0.7155792496333738,False,HOLD,False
2026-05-28 11:50:00+00:00,-0.0649999999999977,0,0.7784418203170252,True,UP,False
2026-05-28 12:55:00+00:00,0.0510000000000161,1,0.6441617373155418,False,HOLD,False
2026-05-28 14:05:00+00:00,0.0109999999999956,1,0.532641950970426,False,HOLD,False
2026-05-28 15:10:00+00:00,-0.0370000000000061,0,0.8516837937555789,True,UP,False
2026-05-28 16:10:00+00:00,-0.0969999999999799,0,0.4991744696668945,False,HOLD,False
2026-05-28 17:10:00+00:00,-0.082000000000022,0,0.3039263813403896,False,HOLD,False
2026-05-28 18:25:00+00:00,-0.0380000000000109,0,0.41758645049943394,False,HOLD,False
2026-05-28 19:25:00+00:00,0.0660000000000025,1,0.5241712513539057,False,HOLD,False
2026-05-28 20:50:00+00:00,0.02800000000002,1,0.5878894921378678,False,HOLD,False
2026-05-28 21:55:00+00:00,-0.0130000000000052,0,0.6782367680264765,False,HOLD,False
2026-05-28 23:05:00+00:00,-0.0609999999999786,0,0.14431255598725748,True,DOWN,True
2026-05-29 00:05:00+00:00,0.0509999999999877,1,0.6578798347724505,False,HOLD,False
2026-05-29 01:10:00+00:00,0.02800000000002,1,0.6489875686999113,False,HOLD,False
2026-05-29 02:25:00+00:00,0.0349999999999965,1,0.7121479574634124,False,HOLD,False
2026-05-29 03:40:00+00:00,0.0139999999999815,1,0.7851699990054465,True,UP,True
2026-05-29 04:50:00+00:00,-0.0290000000000247,0,0.6997349892613014,False,HOLD,False
2026-05-29 05:55:00+00:00,0.0450000000000159,1,0.7387180801978389,False,HOLD,False
2026-05-29 07:10:00+00:00,-0.0629999999999881,0,0.679504324542922,False,HOLD,False
2026-05-29 08:15:00+00:00,0.0159999999999911,1,0.7254569069741261,False,HOLD,False
2026-05-29 09:25:00+00:00,-0.0309999999999774,0,0.7054411927464588,False,HOLD,False
2026-05-29 10:50:00+00:00,0.0109999999999956,1,0.653276462635652,False,HOLD,False
2026-05-29 12:55:00+00:00,-0.0099999999999909,0,0.6289172218105299,False,HOLD,False
2026-05-29 14:15:00+00:00,-0.0169999999999959,0,0.813413179149383,True,UP,False
2026-05-29 15:50:00+00:00,0.0199999999999818,1,0.779514718322378,True,UP,True
2026-05-29 16:55:00+00:00,-0.11099999999999,0,0.6812620167100568,False,HOLD,False
2026-05-29 17:55:00+00:00,0.0409999999999968,1,0.43657497555083147,False,HOLD,False
2026-05-29 19:05:00+00:00,-0.0300000000000011,0,0.5093862585996362,False,HOLD,False
2026-05-29 20:20:00+00:00,0.0550000000000068,1,0.5735964538306922,False,HOLD,False
2026-05-29 21:35:00+00:00,0.0260000000000104,1,0.6746717437200558,False,HOLD,False
2026-05-29 23:00:00+00:00,0.0850000000000079,1,0.2498695450725491,True,DOWN,False
2026-06-01 00:10:00+00:00,0.0269999999999868,1,0.7832830916183517,True,UP,True
2026-06-01 01:25:00+00:00,-0.0250000000000056,0,0.6584157684336087,False,HOLD,False
2026-06-01 02:25:00+00:00,0.0560000000000115,1,0.7099357563601931,False,HOLD,False
2026-06-01 03:25:00+00:00,0.0600000000000022,1,0.6822138150878462,False,HOLD,False
2026-06-01 04:45:00+00:00,-0.0159999999999911,0,0.6189793927619434,False,HOLD,False
2026-06-01 06:10:00+00:00,0.0130000000000052,1,0.6798549286275852,False,HOLD,False
2026-06-01 07:50:00+00:00,-0.0160000000000195,0,0.7211428812058402,False,HOLD,False
2026-06-01 09:10:00+00:00,-0.0310000000000059,0,0.6264777577829669,False,HOLD,False
2026-06-01 10:30:00+00:00,-0.0130000000000052,0,0.5738434651282616,False,HOLD,False
2026-06-01 11:40:00+00:00,0.0240000000000009,1,0.7527418051786183,True,UP,True
2026-06-01 13:35:00+00:00,0.0089999999999861,1,0.7985429501660155,True,UP,True
2026-06-01 14:40:00+00:00,-0.0310000000000059,0,0.7714476357957477,True,UP,False
2026-06-01 15:45:00+00:00,0.2460000000000093,1,0.8550826056708297,True,UP,True
2026-06-01 16:55:00+00:00,-0.0149999999999863,0,0.25235638063842186,False,HOLD,False
2026-06-01 18:10:00+00:00,0.0180000000000006,1,0.48128000447822905,False,HOLD,False
2026-06-01 19:10:00+00:00,-0.054000000000002,0,0.6290489832237773,False,HOLD,False
2026-06-01 20:15:00+00:00,-0.0200000000000102,0,0.7604779171066455,True,UP,False
2026-06-01 21:20:00+00:00,0.0379999999999824,1,0.6963677465521164,False,HOLD,False
2026-06-01 22:45:00+00:00,-0.0109999999999956,0,0.7792718599752618,True,UP,False
2026-06-01 23:45:00+00:00,-0.0879999999999938,0,0.228081528028977,True,DOWN,True
2026-06-02 00:45:00+00:00,0.0639999999999929,1,0.777714998470492,True,UP,True
2026-06-02 02:10:00+00:00,0.0169999999999959,1,0.7452546622570946,False,HOLD,False
2026-06-02 03:15:00+00:00,-0.0109999999999956,0,0.7293182987341028,False,HOLD,False
2026-06-02 04:15:00+00:00,0.0360000000000013,1,0.7827765870015992,True,UP,True
2026-06-02 05:50:00+00:00,0.0079999999999813,1,0.7341081415002427,False,HOLD,False
2026-06-02 07:25:00+00:00,0.0060000000000002,1,0.6694036491127896,False,HOLD,False
2026-06-02 08:30:00+00:00,-0.0300000000000011,0,0.6980336834833272,False,HOLD,False
2026-06-02 09:40:00+00:00,-0.0180000000000006,0,0.6763313846857704,False,HOLD,False
2026-06-02 10:55:00+00:00,0.046999999999997,1,0.8045947517668094,True,UP,True
2026-06-02 12:35:00+00:00,0.0069999999999765,1,0.7992421515017522,True,UP,True
2026-06-02 13:55:00+00:00,0.0149999999999863,1,0.78467746974525,True,UP,True
2026-06-02 14:55:00+00:00,0.0380000000000109,1,0.7414418513665758,False,HOLD,False
2026-06-02 15:55:00+00:00,0.0249999999999772,1,0.7070149640237711,False,HOLD,False
2026-06-02 16:55:00+00:00,0.0570000000000163,1,0.5167322049359256,False,HOLD,False
2026-06-02 18:00:00+00:00,0.0199999999999818,1,0.5116047370730459,False,HOLD,False
2026-06-02 19:00:00+00:00,0.0090000000000145,1,0.556874900845811,False,HOLD,False
2026-06-02 20:05:00+00:00,0.0550000000000068,1,0.538284647664857,False,HOLD,False
2026-06-02 21:05:00+00:00,-0.0709999999999979,0,0.4320499941475323,False,HOLD,False
2026-06-02 22:10:00+00:00,0.0330000000000154,1,0.6775147662086088,False,HOLD,False
2026-06-02 23:10:00+00:00,-0.0809999999999888,0,0.10974423275071231,True,DOWN,True
2026-06-03 00:10:00+00:00,0.0909999999999797,1,0.7812357753645643,True,UP,True
2026-06-03 01:10:00+00:00,0.0390000000000156,1,0.6025010684137668,False,HOLD,False
2026-06-03 02:20:00+00:00,-0.0569999999999879,0,0.5571759010726184,False,HOLD,False
2026-06-03 03:20:00+00:00,-0.0320000000000106,0,0.7539186903509374,True,UP,False
2026-06-03 04:20:00+00:00,-0.0339999999999918,0,0.7613891754820802,True,UP,False
2026-06-03 05:20:00+00:00,0.021000000000015,1,0.7647890671364443,True,UP,True
2026-06-03 06:35:00+00:00,-0.0159999999999911,0,0.787736986689797,True,UP,False
2026-06-03 08:10:00+00:00,0.0579999999999927,1,0.7780121761511175,True,UP,True
2026-06-03 09:10:00+00:00,-0.0169999999999959,0,0.7326956311693401,False,HOLD,False
2026-06-03 10:10:00+00:00,-0.204999999999984,0,0.7634247309140119,True,UP,False
2026-06-03 11:10:00+00:00,0.1029999999999802,1,0.394873602548898,False,HOLD,False
2026-06-03 12:10:00+00:00,-0.0389999999999872,0,0.3570428930597892,False,HOLD,False
2026-06-03 13:55:00+00:00,0.0420000000000015,1,0.451845850583009,False,HOLD,False
2026-06-03 14:55:00+00:00,0.0810000000000172,1,0.5942825025364195,False,HOLD,False
2026-06-03 15:55:00+00:00,0.0519999999999925,1,0.4290100932616611,False,HOLD,False
2026-06-03 17:10:00+00:00,0.0370000000000061,1,0.5279118052092294,False,HOLD,False
2026-06-03 18:45:00+00:00,0.0180000000000006,1,0.5522188276784171,False,HOLD,False
2026-06-03 20:05:00+00:00,0.0889999999999986,1,0.7121475333404501,False,HOLD,False
2026-06-03 21:10:00+00:00,-0.0269999999999868,0,0.7736746051123307,True,UP,False
2026-06-03 22:25:00+00:00,0.0400000000000204,1,0.6284568429080107,False,HOLD,False
2026-06-03 23:25:00+00:00,-0.0450000000000159,0,0.042659539962081466,True,DOWN,True
2026-06-04 00:55:00+00:00,-0.0619999999999834,0,0.7093409809746878,False,HOLD,False
2026-06-04 01:55:00+00:00,0.0300000000000011,1,0.47339719231155486,False,HOLD,False
2026-06-04 03:10:00+00:00,-0.0200000000000102,0,0.5545841792521822,False,HOLD,False
2026-06-04 04:20:00+00:00,0.0109999999999956,1,0.5605729282972488,False,HOLD,False
2026-06-04 05:35:00+00:00,0.0819999999999936,1,0.8292450512765241,True,UP,True
2026-06-04 06:35:00+00:00,-0.1159999999999854,0,0.6837805689760394,False,HOLD,False
2026-06-04 07:35:00+00:00,0.0449999999999874,1,0.6930310193689893,False,HOLD,False
2026-06-04 09:00:00+00:00,0.0339999999999918,1,0.42119183074715977,False,HOLD,False
2026-06-04 10:55:00+00:00,-0.0289999999999963,0,0.5654105778360321,False,HOLD,False
2026-06-04 12:00:00+00:00,0.01400000000001,1,0.7897499648944402,True,UP,True
2026-06-04 13:20:00+00:00,-0.0440000000000111,0,0.7134940532723324,False,HOLD,False
2026-06-04 14:20:00+00:00,0.0120000000000004,1,0.7659945746268135,True,UP,True
2026-06-04 15:30:00+00:00,0.0370000000000061,1,0.5916552490076031,False,HOLD,False
2026-06-04 16:30:00+00:00,0.1059999999999945,1,0.7193235916748897,False,HOLD,False
2026-06-04 17:30:00+00:00,0.0150000000000147,1,0.6594248538782527,False,HOLD,False
2026-06-04 18:40:00+00:00,-0.0130000000000052,0,0.5945206711522577,False,HOLD,False
2026-06-04 20:40:00+00:00,0.0269999999999868,1,0.37118237643400753,False,HOLD,False
2026-06-04 21:55:00+00:00,-0.01400000000001,0,0.4185124593987712,False,HOLD,False
2026-06-04 23:10:00+00:00,-0.032999999999987,0,0.03827140207742367,True,DOWN,True
2026-06-05 00:45:00+00:00,0.0560000000000115,1,0.6722461413073401,False,HOLD,False
2026-06-05 02:15:00+00:00,0.0080000000000097,1,0.7497614392558392,False,HOLD,False
2026-06-05 03:25:00+00:00,-0.021000000000015,0,0.8066973116533641,True,UP,False
2026-06-05 04:35:00+00:00,0.0099999999999909,1,0.8303768645165951,True,UP,True
2026-06-05 06:00:00+00:00,-0.0269999999999868,0,0.7413774486836724,False,HOLD,False
2026-06-05 07:35:00+00:00,-0.0279999999999915,0,0.81491503374706,True,UP,False
2026-06-05 08:45:00+00:00,0.0090000000000145,1,0.7388468500858976,False,HOLD,False
2026-06-05 09:45:00+00:00,-0.0270000000000152,0,0.7191547028184606,False,HOLD,False
2026-06-05 11:10:00+00:00,-0.0100000000000193,0,0.7574323756447736,True,UP,False
2026-06-05 12:20:00+00:00,0.0089999999999861,1,0.7615518722656803,True,UP,True
2026-06-05 13:40:00+00:00,-0.0339999999999918,0,0.7366143465114106,False,HOLD,False
2026-06-05 14:40:00+00:00,0.1440000000000054,1,0.7577533323163508,True,UP,True
2026-06-05 15:40:00+00:00,0.0749999999999886,1,0.2307928010424419,True,DOWN,False
2026-06-05 16:40:00+00:00,0.1550000000000011,1,0.31175242903406647,False,HOLD,False
2026-06-05 17:40:00+00:00,0.0279999999999915,1,0.20512887456089213,True,DOWN,False
2026-06-05 19:25:00+00:00,0.0160000000000195,1,0.22385582183827438,True,DOWN,False
2026-06-05 20:40:00+00:00,-0.1589999999999918,0,0.4091298879504812,False,HOLD,False
2026-06-05 21:45:00+00:00,0.0550000000000068,1,0.5512860094823294,False,HOLD,False
2026-06-05 22:55:00+00:00,0.1359999999999956,1,0.7116517326546979,False,HOLD,False
2026-06-05 23:55:00+00:00,-0.1200000000000045,0,0.1745489423942899,True,DOWN,True
2026-06-08 00:55:00+00:00,0.132000000000005,1,0.9152296952510223,True,UP,True
2026-06-08 02:10:00+00:00,0.0130000000000052,1,0.7454090338458941,False,HOLD,False
2026-06-08 03:30:00+00:00,0.0230000000000245,1,0.6043827686087498,False,HOLD,False
2026-06-08 04:45:00+00:00,0.0530000000000256,1,0.42358600126155926,False,HOLD,False
2026-06-08 05:50:00+00:00,-0.0240000000000009,0,0.7177313333982408,False,HOLD,False
2026-06-08 07:10:00+00:00,0.054000000000002,1,0.8298171071785468,True,UP,True
2026-06-08 08:20:00+00:00,-0.0300000000000011,0,0.715384318321375,False,HOLD,False
2026-06-08 09:25:00+00:00,-0.1160000000000138,0,0.6416949890088507,False,HOLD,False
2026-06-08 10:35:00+00:00,-0.0240000000000009,0,0.4854172143882555,False,HOLD,False
2026-06-08 11:35:00+00:00,-0.1879999999999881,0,0.342266012216713,False,HOLD,False
2026-06-08 13:00:00+00:00,-0.0169999999999959,0,0.47697104712244653,False,HOLD,False
2026-06-08 14:10:00+00:00,0.0169999999999959,1,0.40885491490505305,False,HOLD,False
2026-06-08 16:00:00+00:00,0.1059999999999945,1,0.7669901107769783,True,UP,True
2026-06-08 17:00:00+00:00,0.0110000000000241,1,0.6619755276281549,False,HOLD,False
2026-06-08 18:20:00+00:00,0.0689999999999884,1,0.3647798646639813,False,HOLD,False
2026-06-08 19:35:00+00:00,0.0689999999999884,1,0.7037948572933731,False,HOLD,False
2026-06-08 20:50:00+00:00,0.0760000000000218,1,0.6983357081100068,False,HOLD,False
2026-06-08 21:55:00+00:00,-0.0459999999999922,0,0.6582522769373164,False,HOLD,False
2026-06-08 22:55:00+00:00,-0.0840000000000031,0,0.5429051418480192,False,HOLD,False
2026-06-08 23:55:00+00:00,-0.0090000000000145,0,0.3538962033208359,False,HOLD,False
2026-06-09 00:55:00+00:00,0.0560000000000115,1,0.7390083824993146,False,HOLD,False
2026-06-09 01:55:00+00:00,0.0079999999999813,1,0.7518399392308143,True,UP,True
2026-06-09 03:05:00+00:00,0.0700000000000216,1,0.8015942157239395,True,UP,True
2026-06-09 04:10:00+00:00,-0.0099999999999909,0,0.7552343300074684,True,UP,False
2026-06-09 05:30:00+00:00,0.0429999999999779,1,0.8061429239720085,True,UP,True
2026-06-09 06:40:00+00:00,-0.0289999999999963,0,0.8005915771009025,True,UP,False
2026-06-09 07:40:00+00:00,-0.0410000000000252,0,0.8626875903118593,True,UP,False
2026-06-09 08:45:00+00:00,0.0129999999999768,1,0.781163647079232,True,UP,True
2026-06-09 09:45:00+00:00,0.0300000000000011,1,0.6046233723841111,False,HOLD,False
2026-06-09 11:10:00+00:00,-0.0209999999999865,0,0.81163487425745,True,UP,False
2026-06-09 12:15:00+00:00,0.0130000000000052,1,0.8917560618586137,True,UP,True
2026-06-09 13:25:00+00:00,-0.0160000000000195,0,0.7886557567847687,True,UP,False
2026-06-09 14:50:00+00:00,0.0300000000000011,1,0.8213316717411145,True,UP,True
2026-06-09 15:50:00+00:00,0.0169999999999959,1,0.8090563113918882,True,UP,True
2026-06-09 16:50:00+00:00,0.0149999999999863,1,0.7818301744766905,True,UP,True
2026-06-09 17:50:00+00:00,0.0409999999999968,1,0.7770812107220675,True,UP,True
2026-06-09 18:50:00+00:00,0.1700000000000159,1,0.5719133672108864,False,HOLD,False
2026-06-09 19:55:00+00:00,-0.0449999999999874,0,0.40996832719595605,False,HOLD,False
2026-06-09 21:20:00+00:00,0.0639999999999929,1,0.7306948201027695,False,HOLD,False
2026-06-09 22:25:00+00:00,-0.054000000000002,0,0.681986661430003,False,HOLD,False
2026-06-09 23:40:00+00:00,-0.0190000000000054,0,0.10271265271943748,True,DOWN,True
2026-06-10 00:45:00+00:00,0.0229999999999961,1,0.7249691153126461,False,HOLD,False
2026-06-10 01:55:00+00:00,-0.0120000000000004,0,0.624868171656414,False,HOLD,False
2026-06-10 03:05:00+00:00,-0.0219999999999913,0,0.7372401941032192,False,HOLD,False
2026-06-10 04:25:00+00:00,-0.0110000000000241,0,0.6889060504241776,False,HOLD,False
2026-06-10 05:40:00+00:00,0.0120000000000004,1,0.8094778791805429,True,UP,True
2026-06-10 07:20:00+00:00,-0.0060000000000002,0,0.8181347437812792,True,UP,False
2026-06-10 08:30:00+00:00,0.0060000000000002,1,0.7791566875077297,True,UP,True
2026-06-10 09:30:00+00:00,0.018999999999977,1,0.7240240235197023,False,HOLD,False
2026-06-10 10:30:00+00:00,0.0150000000000147,1,0.7454853092607943,False,HOLD,False
2026-06-10 11:30:00+00:00,0.0349999999999965,1,0.7582765006144684,True,UP,True
2026-06-10 12:30:00+00:00,0.0449999999999874,1,0.6959267581983758,False,HOLD,False
2026-06-10 13:30:00+00:00,0.0230000000000245,1,0.4276814182760283,False,HOLD,False
2026-06-10 14:40:00+00:00,-0.1310000000000002,0,0.44534938024506254,False,HOLD,False
2026-06-10 16:00:00+00:00,-0.0369999999999777,0,0.5490163030929505,False,HOLD,False
2026-06-10 17:10:00+00:00,0.0819999999999936,1,0.5479400575526615,False,HOLD,False
2026-06-10 18:30:00+00:00,0.0150000000000147,1,0.609193200340772,False,HOLD,False
2026-06-10 19:45:00+00:00,0.021000000000015,1,0.7591591558456845,True,UP,True
2026-06-10 20:55:00+00:00,-0.0079999999999813,0,0.7628309952487119,True,UP,False
2026-06-10 21:55:00+00:00,0.0409999999999968,1,0.5865329545836073,False,HOLD,False
2026-06-10 22:55:00+00:00,-0.0080000000000097,0,0.5622348182025623,False,HOLD,False
2026-06-10 23:55:00+00:00,-0.0229999999999961,0,0.07071376764281441,True,DOWN,True
2026-06-11 01:00:00+00:00,0.0269999999999868,1,0.5990562706024974,False,HOLD,False
2026-06-11 03:15:00+00:00,-0.0579999999999927,0,0.7476107526236618,False,HOLD,False
2026-06-11 04:15:00+00:00,0.0289999999999963,1,0.7021191268382568,False,HOLD,False
2026-06-11 05:15:00+00:00,0.0240000000000009,1,0.7804559413754116,True,UP,True
2026-06-11 06:45:00+00:00,-0.018999999999977,0,0.7380392823285632,False,HOLD,False
2026-06-11 07:55:00+00:00,0.039999999999992,1,0.7963939212540073,True,UP,True
2026-06-11 09:00:00+00:00,-0.0219999999999913,0,0.6915172964319584,False,HOLD,False
2026-06-11 10:00:00+00:00,-0.0250000000000056,0,0.7401961110735343,False,HOLD,False
2026-06-11 11:10:00+00:00,0.0349999999999965,1,0.7597506188164614,True,UP,True
2026-06-11 12:30:00+00:00,-0.0120000000000004,0,0.6946140377863382,False,HOLD,False
2026-06-11 13:55:00+00:00,0.0060000000000002,1,0.7375982415838617,False,HOLD,False
2026-06-11 15:05:00+00:00,0.0100000000000193,1,0.7686120102542532,True,UP,True
2026-06-11 16:05:00+00:00,-0.0510000000000161,0,0.764978965203484,True,UP,False
2026-06-11 17:30:00+00:00,-0.0579999999999927,0,0.7295329411679002,False,HOLD,False
2026-06-11 18:45:00+00:00,0.0180000000000006,1,0.8261893428810156,True,UP,True
2026-06-11 19:50:00+00:00,-0.4269999999999925,0,0.7888192533572684,True,UP,False
2026-06-11 21:00:00+00:00,-0.2909999999999968,0,0.4637934669956981,False,HOLD,False
2026-06-11 22:00:00+00:00,-0.1560000000000059,0,0.5751578130965727,False,HOLD,False
2026-06-11 23:20:00+00:00,0.0240000000000009,1,0.30793431553739004,False,HOLD,False
2026-06-12 00:40:00+00:00,0.132000000000005,1,0.4832602569024867,False,HOLD,False
2026-06-12 02:00:00+00:00,0.1959999999999979,1,0.47008193815430566,False,HOLD,False
2026-06-12 03:10:00+00:00,0.0260000000000104,1,0.4282233808053128,False,HOLD,False
2026-06-12 04:35:00+00:00,0.0949999999999988,1,0.47620450055839725,False,HOLD,False
2026-06-12 05:40:00+00:00,-0.0660000000000025,0,0.46216186026531025,False,HOLD,False
2026-06-12 06:45:00+00:00,-0.0250000000000056,0,0.6186087257059141,False,HOLD,False
2026-06-12 07:55:00+00:00,0.0889999999999986,1,0.6708082103167065,False,HOLD,False
2026-06-12 09:00:00+00:00,0.0289999999999963,1,0.5601581617597031,False,HOLD,False
2026-06-12 10:00:00+00:00,-0.100999999999999,0,0.4287440989805706,False,HOLD,False
2026-06-12 11:00:00+00:00,-0.1740000000000066,0,0.48477346727797316,False,HOLD,False
2026-06-12 12:15:00+00:00,0.0620000000000118,1,0.398997534120433,False,HOLD,False
2026-06-12 13:15:00+00:00,0.0480000000000018,1,0.3811359462506785,False,HOLD,False
2026-06-12 14:30:00+00:00,0.1100000000000136,1,0.31769892263368227,False,HOLD,False
2026-06-12 15:35:00+00:00,-0.0360000000000013,0,0.38141175534882926,False,HOLD,False
2026-06-12 16:55:00+00:00,-0.032999999999987,0,0.3330246058817515,False,HOLD,False
2026-06-12 18:10:00+00:00,0.0269999999999868,1,0.3934582647606892,False,HOLD,False
2026-06-12 19:30:00+00:00,-0.0190000000000054,0,0.5114800775633076,False,HOLD,False
2026-06-12 20:40:00+00:00,0.0109999999999956,1,0.7373410086187733,False,HOLD,False
2026-06-12 21:45:00+00:00,0.0130000000000052,1,0.7730547488690099,True,UP,True
2026-06-12 23:10:00+00:00,-0.1069999999999993,0,0.33826979007540536,False,HOLD,False
2026-06-15 00:10:00+00:00,-0.2470000000000141,0,0.8202845198061319,True,UP,False
2026-06-15 01:10:00+00:00,0.0900000000000034,1,0.3189817402252973,False,HOLD,False
2026-06-15 02:45:00+00:00,0.0709999999999979,1,0.5178432831100797,False,HOLD,False
2026-06-15 03:45:00+00:00,0.1910000000000025,1,0.45604291408855574,False,HOLD,False
2026-06-15 04:55:00+00:00,-0.0609999999999786,0,0.6148728393956687,False,HOLD,False
2026-06-15 05:55:00+00:00,-0.0870000000000175,0,0.6096128960042786,False,HOLD,False
2026-06-15 07:05:00+00:00,-0.0400000000000204,0,0.829275934267594,True,UP,False
2026-06-15 08:15:00+00:00,0.1050000000000181,1,0.7852267789084747,True,UP,True
2026-06-15 09:20:00+00:00,-0.0439999999999827,0,0.8173786168374115,True,UP,False
2026-06-15 10:20:00+00:00,0.0449999999999874,1,0.770383221796519,True,UP,True
2026-06-15 11:20:00+00:00,0.0159999999999911,1,0.6577785541906861,False,HOLD,False
2026-06-15 12:45:00+00:00,-0.0310000000000059,0,0.8357420410729548,True,UP,False
2026-06-15 13:55:00+00:00,0.0600000000000022,1,0.7661223697832822,True,UP,True
2026-06-15 15:00:00+00:00,-0.039999999999992,0,0.6552722990912975,False,HOLD,False
2026-06-15 16:00:00+00:00,-0.0620000000000118,0,0.7630697509341697,True,UP,False
2026-06-15 17:10:00+00:00,0.0839999999999747,1,0.8186777563416058,True,UP,True
2026-06-15 18:10:00+00:00,0.0130000000000052,1,0.7835428489222578,True,UP,True
2026-06-15 19:10:00+00:00,0.0740000000000122,1,0.8464399565614548,True,UP,True
2026-06-15 20:10:00+00:00,0.0289999999999963,1,0.7424020538737778,False,HOLD,False
2026-06-15 21:15:00+00:00,0.0160000000000195,1,0.7572437061835239,True,UP,True
2026-06-15 22:15:00+00:00,0.0429999999999779,1,0.5207250757637149,False,HOLD,False
2026-06-15 23:15:00+00:00,-0.039999999999992,0,0.11835995116424111,True,DOWN,True
2026-06-16 00:15:00+00:00,0.046999999999997,1,0.8398429178454472,True,UP,True
2026-06-16 01:45:00+00:00,-0.0850000000000079,0,0.7924647438156827,True,UP,False
2026-06-16 02:45:00+00:00,-0.0379999999999824,0,0.7961208423017048,True,UP,False
2026-06-16 03:50:00+00:00,-0.0889999999999986,0,0.7553109938721615,True,UP,False
2026-06-16 05:10:00+00:00,-0.0949999999999988,0,0.5418664873482738,False,HOLD,False
2026-06-16 06:15:00+00:00,0.0579999999999927,1,0.47285554610369557,False,HOLD,False
2026-06-16 07:20:00+00:00,-0.0459999999999922,0,0.5361345637411373,False,HOLD,False
2026-06-16 08:50:00+00:00,-0.082000000000022,0,0.5878628218732624,False,HOLD,False
2026-06-16 09:50:00+00:00,0.0970000000000084,1,0.4923444230806055,False,HOLD,False
2026-06-16 11:25:00+00:00,0.0420000000000015,1,0.3898293949413046,False,HOLD,False
2026-06-16 12:45:00+00:00,-0.0480000000000018,0,0.6180127802074916,False,HOLD,False
2026-06-16 13:55:00+00:00,0.0670000000000072,1,0.7168040726280381,False,HOLD,False
2026-06-16 15:05:00+00:00,-0.0300000000000011,0,0.56165621593859,False,HOLD,False
2026-06-16 16:10:00+00:00,0.0759999999999934,1,0.5568765128459137,False,HOLD,False
2026-06-16 17:15:00+00:00,0.0109999999999956,1,0.5117074559716788,False,HOLD,False
2026-06-16 18:20:00+00:00,-0.0919999999999845,0,0.5600176683264817,False,HOLD,False
2026-06-16 19:25:00+00:00,0.0620000000000118,1,0.7605687301552707,True,UP,True
2026-06-16 20:30:00+00:00,0.01400000000001,1,0.8111344014596075,True,UP,True
2026-06-16 21:35:00+00:00,-0.0180000000000006,0,0.8035678618363397,True,UP,False
2026-06-16 22:50:00+00:00,0.0190000000000054,1,0.5491273162080983,False,HOLD,False
2026-06-16 23:50:00+00:00,-0.0740000000000122,0,0.04855924899894734,True,DOWN,True
2026-06-17 01:10:00+00:00,-0.0300000000000011,0,0.7425946865547162,False,HOLD,False
2026-06-17 02:15:00+00:00,-0.0169999999999959,0,0.822814433077328,True,UP,False
2026-06-17 03:15:00+00:00,-0.0360000000000013,0,0.8285529502652127,True,UP,False
2026-06-17 04:45:00+00:00,-0.0080000000000097,0,0.7868818973088287,True,UP,False
2026-06-17 06:10:00+00:00,-0.0520000000000209,0,0.7814435433068333,True,UP,False
2026-06-17 07:15:00+00:00,-0.0120000000000004,0,0.7616255568794099,True,UP,False
2026-06-17 08:15:00+00:00,0.0310000000000059,1,0.6471796120072096,False,HOLD,False
2026-06-17 09:20:00+00:00,-0.0240000000000009,0,0.6687316622695094,False,HOLD,False
2026-06-17 10:20:00+00:00,-0.0169999999999959,0,0.7153065033183432,False,HOLD,False
2026-06-17 11:25:00+00:00,-0.0289999999999963,0,0.3248780116473577,False,HOLD,False
2026-06-17 12:55:00+00:00,0.0500000000000113,1,0.6336441212862911,False,HOLD,False
2026-06-17 13:55:00+00:00,0.0780000000000029,1,0.657183394457288,False,HOLD,False
2026-06-17 15:05:00+00:00,-0.0449999999999874,0,0.7148342938148404,False,HOLD,False
2026-06-17 16:30:00+00:00,-0.0579999999999927,0,0.7152001582925792,False,HOLD,False
2026-06-17 17:50:00+00:00,-0.0779999999999745,0,0.4640540477627551,False,HOLD,False
2026-06-17 18:55:00+00:00,-0.0219999999999913,0,0.6952872760498556,False,HOLD,False
2026-06-17 20:40:00+00:00,0.1359999999999956,1,0.8416186097353892,True,UP,True
2026-06-17 21:40:00+00:00,0.3830000000000098,1,0.45139247777084784,False,HOLD,False
2026-06-17 22:45:00+00:00,-0.0690000000000168,0,0.1817817114859393,True,DOWN,True
2026-06-17 23:45:00+00:00,-0.125,0,0.07156411928441604,True,DOWN,True
2026-06-18 01:10:00+00:00,-0.075000000000017,0,0.655855372383847,False,HOLD,False
2026-06-18 02:20:00+00:00,0.0740000000000122,1,0.6621748395925038,False,HOLD,False
2026-06-18 03:20:00+00:00,0.0219999999999913,1,0.5767737744354254,False,HOLD,False
2026-06-18 04:25:00+00:00,-0.0309999999999774,0,0.6147598813756429,False,HOLD,False
2026-06-18 05:25:00+00:00,-0.0380000000000109,0,0.8060860649886193,True,UP,False
2026-06-18 06:50:00+00:00,0.0130000000000052,1,0.8391068142558925,True,UP,True
2026-06-18 07:55:00+00:00,0.0500000000000113,1,0.7031237948036777,False,HOLD,False
2026-06-18 08:55:00+00:00,-0.0099999999999909,0,0.6310456688916716,False,HOLD,False
2026-06-18 10:00:00+00:00,-0.0149999999999863,0,0.6417717330962869,False,HOLD,False
2026-06-18 11:05:00+00:00,0.1210000000000093,1,0.6442381925067476,False,HOLD,False
2026-06-18 12:05:00+00:00,0.1459999999999865,1,0.3446729171777366,False,HOLD,False
2026-06-18 13:05:00+00:00,0.0600000000000022,1,0.256418861434746,False,HOLD,False
2026-06-18 14:25:00+00:00,-0.0310000000000059,0,0.24287179804152031,True,DOWN,True
2026-06-18 15:35:00+00:00,-0.0660000000000025,0,0.503705989772765,False,HOLD,False
2026-06-18 16:50:00+00:00,-0.0240000000000009,0,0.38132951919418956,False,HOLD,False
2026-06-18 17:55:00+00:00,0.5109999999999957,1,0.7319717870195602,False,HOLD,False
2026-06-18 18:55:00+00:00,0.061000000000007,1,0.13129747044508122,True,DOWN,False
2026-06-18 20:25:00+00:00,0.0519999999999925,1,0.35379009421205254,False,HOLD,False
2026-06-18 21:25:00+00:00,0.3060000000000116,1,0.5375300325916432,False,HOLD,False
2026-06-18 22:25:00+00:00,-0.3770000000000095,0,0.29793573794382866,False,HOLD,False
2026-06-19 00:05:00+00:00,0.0310000000000059,1,0.7598092574757147,True,UP,True
2026-06-19 01:20:00+00:00,-0.0200000000000102,0,0.5124504295985542,False,HOLD,False
2026-06-19 02:35:00+00:00,-0.1879999999999881,0,0.6536267123447683,False,HOLD,False
2026-06-19 03:40:00+00:00,0.0709999999999979,1,0.4275422745884657,False,HOLD,False
2026-06-19 04:55:00+00:00,0.0320000000000106,1,0.41332786996822957,False,HOLD,False
2026-06-19 05:55:00+00:00,0.117999999999995,1,0.4000031720358224,False,HOLD,False
2026-06-19 06:55:00+00:00,0.0289999999999963,1,0.46334802910979495,False,HOLD,False
2026-06-19 08:05:00+00:00,-0.0560000000000115,0,0.35139832978812324,False,HOLD,False
2026-06-19 09:05:00+00:00,-0.0569999999999879,0,0.445715658634876,False,HOLD,False
2026-06-19 10:20:00+00:00,-0.0620000000000118,0,0.27362235580146455,False,HOLD,False
2026-06-19 11:45:00+00:00,-0.0149999999999863,0,0.41565175567722146,False,HOLD,False
2026-06-19 12:50:00+00:00,0.0429999999999779,1,0.5494203698472478,False,HOLD,False
2026-06-19 14:00:00+00:00,-0.0330000000000154,0,0.5735520453376814,False,HOLD,False
2026-06-19 15:20:00+00:00,0.0130000000000052,1,0.7529198349530927,True,UP,True
2026-06-19 16:25:00+00:00,0.0240000000000009,1,0.5143026740294458,False,HOLD,False
2026-06-19 17:50:00+00:00,0.0420000000000015,1,0.747335221830851,False,HOLD,False
2026-06-19 18:55:00+00:00,0.0289999999999963,1,0.49803215810967383,False,HOLD,False
2026-06-19 20:10:00+00:00,-0.0500000000000113,0,0.5053313903220682,False,HOLD,False
2026-06-19 21:35:00+00:00,0.0100000000000193,1,0.7987766945679037,True,UP,True
2026-06-19 22:45:00+00:00,-0.0130000000000052,0,0.5955103184452625,False,HOLD,False
2026-06-19 23:55:00+00:00,0.021000000000015,1,0.5930721721099208,False,HOLD,False
2026-06-22 01:00:00+00:00,0.0879999999999938,1,0.5974716298760221,False,HOLD,False
2026-06-22 02:10:00+00:00,0.0360000000000013,1,0.6232339431765853,False,HOLD,False
2026-06-22 03:15:00+00:00,0.0300000000000011,1,0.5904221011945638,False,HOLD,False
2026-06-22 04:25:00+00:00,0.0949999999999988,1,0.4249435241579174,False,HOLD,False
2026-06-22 05:45:00+00:00,0.0249999999999772,1,0.5756639601373598,False,HOLD,False
2026-06-22 06:45:00+00:00,0.1189999999999997,1,0.6541105456939681,False,HOLD,False
2026-06-22 07:55:00+00:00,0.0320000000000106,1,0.6218819794003235,False,HOLD,False
2026-06-22 09:05:00+00:00,0.054000000000002,1,0.6755319308542973,False,HOLD,False
2026-06-22 10:05:00+00:00,0.0600000000000022,1,0.4670024240514721,False,HOLD,False
2026-06-22 11:15:00+00:00,-0.0269999999999868,0,0.42301582681535577,False,HOLD,False
2026-06-22 13:00:00+00:00,-0.0190000000000054,0,0.6596345195660549,False,HOLD,False
2026-06-22 14:35:00+00:00,0.0200000000000102,1,0.7355971910859828,False,HOLD,False
2026-06-22 15:40:00+00:00,0.1169999999999902,1,0.561006534773223,False,HOLD,False
2026-06-22 16:40:00+00:00,-0.3569999999999993,0,0.4201397474817542,False,HOLD,False
2026-06-22 17:40:00+00:00,-0.0970000000000084,0,0.5608009963359796,False,HOLD,False
2026-06-22 18:40:00+00:00,0.1470000000000197,1,0.26509316895431356,False,HOLD,False
2026-06-22 20:10:00+00:00,-0.0349999999999965,0,0.35816481195912264,False,HOLD,False
2026-06-22 21:30:00+00:00,0.1400000000000147,1,0.5736635181678963,False,HOLD,False
2026-06-22 22:40:00+00:00,-0.0800000000000125,0,0.5698365041687907,False,HOLD,False
2026-06-22 23:40:00+00:00,-0.0699999999999931,0,0.11426975637218977,True,DOWN,True
2026-06-23 00:40:00+00:00,0.068000000000012,1,0.7122702984669488,False,HOLD,False
2026-06-23 01:40:00+00:00,-0.0120000000000004,0,0.7722406282966694,True,UP,False
2026-06-23 03:30:00+00:00,0.0149999999999863,1,0.6946991664932292,False,HOLD,False
2026-06-23 05:00:00+00:00,-0.0090000000000145,0,0.8169178540013378,True,UP,False
2026-06-23 06:15:00+00:00,-0.018999999999977,0,0.7561151518235821,True,UP,False
2026-06-23 07:25:00+00:00,0.02800000000002,1,0.8210382259154946,True,UP,True
2026-06-23 08:25:00+00:00,0.1199999999999761,1,0.7507094851557337,True,UP,True
2026-06-23 09:30:00+00:00,-0.2060000000000172,0,0.5112207394774286,False,HOLD,False
2026-06-23 10:30:00+00:00,-0.0909999999999797,0,0.4780312845051838,False,HOLD,False
2026-06-23 12:15:00+00:00,-0.0369999999999777,0,0.362938048827617,False,HOLD,False
2026-06-23 13:20:00+00:00,0.125,1,0.5519096904326055,False,HOLD,False
2026-06-23 14:20:00+00:00,0.0149999999999863,1,0.37162406254569363,False,HOLD,False
2026-06-23 15:55:00+00:00,-0.0339999999999918,0,0.5500932379246825,False,HOLD,False
2026-06-23 17:05:00+00:00,0.0709999999999979,1,0.5513395935709517,False,HOLD,False
2026-06-23 18:45:00+00:00,0.0219999999999913,1,0.6171493284063253,False,HOLD,False
2026-06-23 19:50:00+00:00,-0.0199999999999818,0,0.6833567882196557,False,HOLD,False
2026-06-23 21:05:00+00:00,-0.0130000000000052,0,0.7075530580231144,False,HOLD,False
2026-06-23 22:10:00+00:00,0.0390000000000156,1,0.8074927458911856,True,UP,True
2026-06-23 23:10:00+00:00,-0.1110000000000184,0,0.1396642529155511,True,DOWN,True
2026-06-24 00:15:00+00:00,0.0829999999999984,1,0.8898642501860684,True,UP,True
2026-06-24 01:20:00+00:00,-0.0159999999999911,0,0.7637929429739709,True,UP,False
2026-06-24 02:40:00+00:00,0.0620000000000118,1,0.8356553643188979,True,UP,True
2026-06-24 03:45:00+00:00,-0.0360000000000013,0,0.7196699964037339,False,HOLD,False
2026-06-24 04:55:00+00:00,-0.018999999999977,0,0.7655930557472004,True,UP,False
2026-06-24 06:30:00+00:00,-0.007000000000005,0,0.7723697400790953,True,UP,False
2026-06-24 08:05:00+00:00,0.079999999999984,1,0.7812157595325308,True,UP,True
2026-06-24 09:05:00+00:00,0.0640000000000213,1,0.680768363193501,False,HOLD,False
2026-06-24 10:25:00+00:00,0.0130000000000052,1,0.3236249660601229,False,HOLD,False
2026-06-24 11:30:00+00:00,0.0809999999999888,1,0.5172360878182041,False,HOLD,False
2026-06-24 12:40:00+00:00,-0.0570000000000163,0,0.5804247722277971,False,HOLD,False
2026-06-24 13:40:00+00:00,-0.018999999999977,0,0.7821251149100837,True,UP,False
2026-06-24 14:40:00+00:00,0.0529999999999972,1,0.8128994230310898,True,UP,True
2026-06-24 15:45:00+00:00,0.0300000000000011,1,0.546671919971737,False,HOLD,False
2026-06-24 17:10:00+00:00,0.0649999999999977,1,0.671098878534082,False,HOLD,False
2026-06-24 18:25:00+00:00,-0.046999999999997,0,0.5861961198621708,False,HOLD,False
2026-06-24 19:45:00+00:00,0.0529999999999972,1,0.7416886198233107,False,HOLD,False
2026-06-24 21:00:00+00:00,-0.0640000000000213,0,0.6900736283026142,False,HOLD,False
2026-06-24 22:05:00+00:00,0.0260000000000104,1,0.6349988915598889,False,HOLD,False
2026-06-24 23:25:00+00:00,-0.0740000000000122,0,0.07662585539113423,True,DOWN,True
2026-06-25 00:55:00+00:00,0.0080000000000097,1,0.7101625255009023,False,HOLD,False
2026-06-25 02:20:00+00:00,-0.0360000000000013,0,0.7239947010747391,False,HOLD,False
2026-06-25 03:20:00+00:00,-0.1209999999999809,0,0.760484601201789,True,UP,False
2026-06-25 04:50:00+00:00,-0.0130000000000052,0,0.4542036909513516,False,HOLD,False
2026-06-25 06:05:00+00:00,0.021000000000015,1,0.829817311492492,True,UP,True
2026-06-25 07:05:00+00:00,0.0240000000000009,1,0.8733852221429488,True,UP,True
2026-06-25 08:05:00+00:00,0.0759999999999934,1,0.724666802143435,False,HOLD,False
2026-06-25 09:05:00+00:00,0.0270000000000152,1,0.6287650413389984,False,HOLD,False
2026-06-25 10:10:00+00:00,-0.0480000000000018,0,0.2790773115514389,False,HOLD,False
2026-06-25 11:25:00+00:00,0.0390000000000156,1,0.513801113036476,False,HOLD,False
2026-06-25 12:50:00+00:00,0.0639999999999929,1,0.6547149976359963,False,HOLD,False
2026-06-25 13:50:00+00:00,0.0209999999999865,1,0.4689924542186214,False,HOLD,False
2026-06-25 14:55:00+00:00,-0.0289999999999963,0,0.2830576846658225,False,HOLD,False
2026-06-25 16:00:00+00:00,-0.2259999999999991,0,0.31143271589461174,False,HOLD,False
2026-06-25 17:00:00+00:00,0.0229999999999961,1,0.41768735907704285,False,HOLD,False
2026-06-25 18:30:00+00:00,0.0360000000000013,1,0.3332165719148516,False,HOLD,False
2026-06-25 19:30:00+00:00,0.0910000000000081,1,0.5073096652569259,False,HOLD,False
2026-06-25 20:55:00+00:00,0.0160000000000195,1,0.6787149531525671,False,HOLD,False
2026-06-25 22:35:00+00:00,0.0529999999999972,1,0.8342306562064726,True,UP,True
2026-06-25 23:55:00+00:00,-0.0160000000000195,0,0.17335306124529812,True,DOWN,True
2026-06-26 01:25:00+00:00,0.0150000000000147,1,0.647007492347676,False,HOLD,False
2026-06-26 02:45:00+00:00,0.0420000000000015,1,0.7623405830858191,True,UP,True
2026-06-26 03:55:00+00:00,-0.0279999999999915,0,0.7081446752959258,False,HOLD,False
2026-06-26 04:55:00+00:00,-0.0279999999999915,0,0.7614882838480861,True,UP,False
2026-06-26 05:55:00+00:00,-0.1260000000000047,0,0.7489809226193175,False,HOLD,False
2026-06-26 07:00:00+00:00,-0.039999999999992,0,0.7291905336690767,False,HOLD,False
2026-06-26 08:30:00+00:00,0.0429999999999779,1,0.5900075855490536,False,HOLD,False
2026-06-26 09:35:00+00:00,-0.0730000000000075,0,0.21657207838553055,True,DOWN,True
2026-06-26 10:40:00+00:00,-0.0360000000000013,0,0.2641798946565494,False,HOLD,False
2026-06-26 12:05:00+00:00,0.0190000000000054,1,0.3342328055646589,False,HOLD,False
2026-06-26 13:30:00+00:00,0.025999999999982,1,0.35709174058486937,False,HOLD,False
2026-06-26 14:30:00+00:00,0.0620000000000118,1,0.6213547063172021,False,HOLD,False
2026-06-26 15:45:00+00:00,-0.039999999999992,0,0.586155026363914,False,HOLD,False
2026-06-26 16:45:00+00:00,-0.0409999999999968,0,0.6231687065706435,False,HOLD,False
2026-06-26 17:50:00+00:00,0.0460000000000206,1,0.5811393533956721,False,HOLD,False
2026-06-26 18:55:00+00:00,0.0829999999999984,1,0.3620929575908021,False,HOLD,False
2026-06-26 20:40:00+00:00,-0.0169999999999959,0,0.5518539575235891,False,HOLD,False
2026-06-26 21:45:00+00:00,0.0089999999999861,1,0.7431677467420472,False,HOLD,False
2026-06-26 22:50:00+00:00,0.046999999999997,1,0.48147444974075276,False,HOLD,False
2026-06-26 23:50:00+00:00,0.0310000000000059,1,0.09862044562015933,True,DOWN,False
2026-06-29 01:10:00+00:00,0.0229999999999961,1,0.5835345209550524,False,HOLD,False
2026-06-29 02:50:00+00:00,-0.0640000000000213,0,0.6122168048387546,False,HOLD,False
2026-06-29 04:05:00+00:00,-0.0109999999999956,0,0.7471592687941695,False,HOLD,False
2026-06-29 05:55:00+00:00,0.0089999999999861,1,0.7312492840574815,False,HOLD,False
2026-06-29 07:05:00+00:00,0.0089999999999861,1,0.7848868985548288,True,UP,True
2026-06-29 08:20:00+00:00,0.0380000000000109,1,0.7367728169216708,False,HOLD,False
2026-06-29 09:25:00+00:00,-0.0520000000000209,0,0.6767791321212859,False,HOLD,False
2026-06-29 10:35:00+00:00,0.0519999999999925,1,0.805719972692417,True,UP,True
2026-06-29 11:35:00+00:00,0.0389999999999872,1,0.6791911498664588,False,HOLD,False
2026-06-29 12:35:00+00:00,-0.0120000000000004,0,0.5099937787794169,False,HOLD,False
2026-06-29 13:35:00+00:00,-0.0309999999999774,0,0.5155972891249275,False,HOLD,False
2026-06-29 14:40:00+00:00,0.0490000000000065,1,0.6902815764257395,False,HOLD,False
2026-06-29 15:40:00+00:00,0.0459999999999922,1,0.6722459300207471,False,HOLD,False
2026-06-29 16:50:00+00:00,-0.032999999999987,0,0.553295027201471,False,HOLD,False
2026-06-29 18:35:00+00:00,-0.0100000000000193,0,0.6013727804277296,False,HOLD,False
2026-06-29 20:15:00+00:00,-0.0110000000000241,0,0.46706151224735926,False,HOLD,False
2026-06-29 21:20:00+00:00,0.0199999999999818,1,0.5366357404747512,False,HOLD,False
2026-06-29 22:35:00+00:00,0.0279999999999915,1,0.6073181622383594,False,HOLD,False
2026-06-29 23:35:00+00:00,-0.0709999999999979,0,0.12412114698557464,True,DOWN,True
2026-06-30 00:35:00+00:00,0.0459999999999922,1,0.8246943769989888,True,UP,True
2026-06-30 01:45:00+00:00,-0.0120000000000004,0,0.7573136487450586,True,UP,False
2026-06-30 02:55:00+00:00,0.2109999999999843,1,0.755676228186266,True,UP,True
2026-06-30 03:55:00+00:00,0.0480000000000018,1,0.5125469503286351,False,HOLD,False
2026-06-30 05:35:00+00:00,0.0279999999999915,1,0.5713804761671797,False,HOLD,False
2026-06-30 07:20:00+00:00,0.0219999999999913,1,0.5858908723286769,False,HOLD,False
2026-06-30 08:20:00+00:00,0.061000000000007,1,0.5768650712042585,False,HOLD,False
2026-06-30 09:25:00+00:00,-0.0769999999999981,0,0.351701846034107,False,HOLD,False
2026-06-30 10:25:00+00:00,0.1419999999999959,1,0.48859940395088,False,HOLD,False
2026-06-30 11:40:00+00:00,-0.0740000000000122,0,0.40581767011986786,False,HOLD,False
2026-06-30 13:00:00+00:00,0.02800000000002,1,0.5605969106663568,False,HOLD,False
2026-06-30 14:00:00+00:00,0.100999999999999,1,0.7471339255392856,False,HOLD,False
2026-06-30 15:05:00+00:00,-0.0730000000000075,0,0.6912410460694358,False,HOLD,False
2026-06-30 16:20:00+00:00,0.039999999999992,1,0.5415389342476108,False,HOLD,False
2026-06-30 17:40:00+00:00,0.2470000000000141,1,0.5669956021040348,False,HOLD,False
2026-06-30 18:50:00+00:00,0.054000000000002,1,0.3433083911617502,False,HOLD,False
2026-06-30 20:00:00+00:00,-0.0370000000000061,0,0.34018220339640465,False,HOLD,False
2026-06-30 21:30:00+00:00,0.01400000000001,1,0.7293626549435142,False,HOLD,False
2026-06-30 22:55:00+00:00,-0.0740000000000122,0,0.8456408114979274,True,UP,False
2026-07-01 00:00:00+00:00,0.0919999999999845,1,0.856085643223067,True,UP,True
2026-07-01 01:20:00+00:00,-0.0740000000000122,0,0.4516700829655117,False,HOLD,False
2026-07-01 02:25:00+00:00,0.0720000000000027,1,0.760553126020097,True,UP,True
2026-07-01 03:35:00+00:00,-0.0589999999999975,0,0.5759537134064513,False,HOLD,False
2026-07-01 04:50:00+00:00,0.1059999999999945,1,0.4798888331071556,False,HOLD,False
2026-07-01 05:50:00+00:00,0.0430000000000063,1,0.4689169296125253,False,HOLD,False
2026-07-01 07:00:00+00:00,-0.0420000000000015,0,0.5804416434853814,False,HOLD,False
2026-07-01 08:25:00+00:00,-0.0229999999999961,0,0.40160008710132344,False,HOLD,False
2026-07-01 09:35:00+00:00,-0.0619999999999834,0,0.616115140365052,False,HOLD,False
2026-07-01 11:05:00+00:00,-0.0199999999999818,0,0.5594341076642915,False,HOLD,False
2026-07-01 12:10:00+00:00,0.0149999999999863,1,0.7680802833420389,True,UP,True
2026-07-01 13:45:00+00:00,0.0230000000000245,1,0.8239728707734092,True,UP,True
2026-07-01 15:25:00+00:00,-0.132000000000005,0,0.8156730684936729,True,UP,False
2026-07-01 16:25:00+00:00,-0.1149999999999806,0,0.46227208814462145,False,HOLD,False
2026-07-01 17:40:00+00:00,0.0900000000000034,1,0.35885967264317337,False,HOLD,False
2026-07-01 19:25:00+00:00,0.0949999999999988,1,0.6018755563161495,False,HOLD,False
2026-07-01 20:25:00+00:00,0.0870000000000175,1,0.5409258806324443,False,HOLD,False
2026-07-01 21:50:00+00:00,0.0339999999999918,1,0.6335242480876966,False,HOLD,False
2026-07-01 22:50:00+00:00,0.0459999999999922,1,0.7997430306908545,True,UP,True
2026-07-01 23:55:00+00:00,-0.0330000000000154,0,0.1638592137581669,True,DOWN,True
2026-07-02 01:40:00+00:00,0.0309999999999774,1,0.6744991082496047,False,HOLD,False
2026-07-02 02:45:00+00:00,0.0600000000000022,1,0.7472858698997309,False,HOLD,False
2026-07-02 03:55:00+00:00,-0.0290000000000247,0,0.6704216274159068,False,HOLD,False
2026-07-02 05:35:00+00:00,0.0169999999999959,1,0.8054771089699254,True,UP,True
2026-07-02 06:45:00+00:00,-0.0989999999999895,0,0.761144151261881,True,UP,False
2026-07-02 07:45:00+00:00,-0.0449999999999874,0,0.7049869941878837,False,HOLD,False
2026-07-02 08:45:00+00:00,-0.8500000000000227,0,0.6137733716923182,False,HOLD,False
2026-07-02 09:45:00+00:00,-0.0480000000000018,0,0.5196936254406298,False,HOLD,False
2026-07-02 10:45:00+00:00,-0.4519999999999982,0,0.5019239630002208,False,HOLD,False
2026-07-02 12:20:00+00:00,0.2199999999999988,1,0.1056448589094566,True,DOWN,False
2026-07-02 13:25:00+00:00,-0.1059999999999945,0,0.4650918359178364,False,HOLD,False
2026-07-02 14:30:00+00:00,-0.7019999999999982,0,0.35022704742608557,False,HOLD,False
2026-07-02 15:30:00+00:00,0.2599999999999909,1,0.3712766965719355,False,HOLD,False
2026-07-02 16:45:00+00:00,0.0899999999999749,1,0.38592386694625747,False,HOLD,False
2026-07-02 17:55:00+00:00,-0.1330000000000097,0,0.38879264368980465,False,HOLD,False
2026-07-02 19:00:00+00:00,0.1030000000000086,1,0.3756538069011362,False,HOLD,False
2026-07-02 20:25:00+00:00,-0.0370000000000061,0,0.5212765350767484,False,HOLD,False
2026-07-02 21:35:00+00:00,0.1199999999999761,1,0.6625298189972845,False,HOLD,False
2026-07-02 22:40:00+00:00,-0.0449999999999874,0,0.44189197775259814,False,HOLD,False
2026-07-02 23:55:00+00:00,-0.0219999999999913,0,0.1312948264315524,True,DOWN,True
2026-07-03 00:55:00+00:00,0.1910000000000025,1,0.4316192129136781,False,HOLD,False
2026-07-03 01:55:00+00:00,0.1980000000000075,1,0.46903631561749065,False,HOLD,False
2026-07-03 03:00:00+00:00,-0.1970000000000027,0,0.3324590455602208,False,HOLD,False
2026-07-03 04:00:00+00:00,-0.0330000000000154,0,0.4674463459930695,False,HOLD,False
2026-07-03 05:15:00+00:00,0.061000000000007,1,0.6191420944383993,False,HOLD,False
2026-07-03 07:15:00+00:00,-0.1290000000000191,0,0.6807675768938941,False,HOLD,False
2026-07-03 08:20:00+00:00,-0.0229999999999961,0,0.30524558071692587,False,HOLD,False
2026-07-03 09:20:00+00:00,-0.2270000000000038,0,0.22698663129407023,True,DOWN,True
2026-07-03 10:35:00+00:00,-0.0500000000000113,0,0.3522488352672756,False,HOLD,False
2026-07-03 11:40:00+00:00,0.1119999999999947,1,0.40944179548983123,False,HOLD,False
2026-07-03 12:40:00+00:00,0.1000000000000227,1,0.24344573649232978,True,DOWN,False
2026-07-03 14:00:00+00:00,0.0269999999999868,1,0.42366367057424187,False,HOLD,False
2026-07-03 15:20:00+00:00,0.089000000000027,1,0.38961685670851776,False,HOLD,False
2026-07-03 16:45:00+00:00,-0.01400000000001,0,0.31333297243403163,False,HOLD,False
2026-07-03 17:45:00+00:00,0.0630000000000166,1,0.4502224244512496,False,HOLD,False
2026-07-03 18:45:00+00:00,0.0739999999999838,1,0.41162143875816093,False,HOLD,False
2026-07-03 19:50:00+00:00,-0.0639999999999929,0,0.5197518986610091,False,HOLD,False
2026-07-03 21:10:00+00:00,0.0310000000000059,1,0.5424399379965245,False,HOLD,False
2026-07-03 22:10:00+00:00,0.0209999999999865,1,0.3725880704099143,False,HOLD,False
2026-07-03 23:20:00+00:00,-0.0919999999999845,0,0.129450150959344,True,DOWN,True
2026-07-06 00:20:00+00:00,0.1189999999999997,1,0.9271263359821172,True,UP,True
2026-07-06 01:20:00+00:00,0.1020000000000038,1,0.42390876642251535,False,HOLD,False
2026-07-06 02:20:00+00:00,0.0319999999999822,1,0.6011261445574028,False,HOLD,False
2026-07-06 03:20:00+00:00,0.1880000000000166,1,0.4021006613713145,False,HOLD,False
2026-07-06 04:20:00+00:00,0.0899999999999749,1,0.17533242259308887,True,DOWN,False
2026-07-06 05:45:00+00:00,0.0290000000000247,1,0.5116302440953335,False,HOLD,False
2026-07-06 06:45:00+00:00,0.1119999999999947,1,0.3835511189583868,False,HOLD,False
2026-07-06 07:45:00+00:00,0.054000000000002,1,0.34956050493074275,False,HOLD,False
2026-07-06 08:45:00+00:00,0.1929999999999836,1,0.29164018830064775,False,HOLD,False
2026-07-06 09:50:00+00:00,-0.0289999999999963,0,0.3800484108355589,False,HOLD,False
2026-07-06 11:15:00+00:00,0.0450000000000159,1,0.24077981302601678,True,DOWN,False
2026-07-06 12:30:00+00:00,0.054000000000002,1,0.33950108805434365,False,HOLD,False
2026-07-06 13:45:00+00:00,0.01400000000001,1,0.2904241330287736,False,HOLD,False
2026-07-06 14:50:00+00:00,0.025999999999982,1,0.4971781301219808,False,HOLD,False
2026-07-06 16:00:00+00:00,-0.0819999999999936,0,0.5469909208577222,False,HOLD,False
2026-07-06 17:25:00+00:00,0.0379999999999824,1,0.5077733513253151,False,HOLD,False
2026-07-06 18:30:00+00:00,-0.068000000000012,0,0.6435816495351709,False,HOLD,False
2026-07-06 19:35:00+00:00,-0.0840000000000031,0,0.8786312057482454,True,UP,False
2026-07-06 20:35:00+00:00,-0.0649999999999977,0,0.8462653845541174,True,UP,False
2026-07-06 21:35:00+00:00,-0.039999999999992,0,0.7682300334602936,True,UP,False
2026-07-06 23:10:00+00:00,-0.032999999999987,0,0.15093679108218988,True,DOWN,True
2026-07-07 00:30:00+00:00,0.0260000000000104,1,0.8318194267708646,True,UP,True
2026-07-07 01:55:00+00:00,0.0250000000000056,1,0.7619191220843909,True,UP,True
2026-07-07 02:55:00+00:00,0.0360000000000013,1,0.6653232788865395,False,HOLD,False
2026-07-07 04:00:00+00:00,-0.3280000000000029,0,0.6220465849734612,False,HOLD,False
2026-07-07 05:05:00+00:00,0.0409999999999968,1,0.4872478863734671,False,HOLD,False
2026-07-07 06:10:00+00:00,-0.0649999999999977,0,0.5672114202438318,False,HOLD,False
2026-07-07 07:20:00+00:00,0.0800000000000125,1,0.519091150719672,False,HOLD,False
2026-07-07 08:20:00+00:00,0.1019999999999754,1,0.38170243026664247,False,HOLD,False
2026-07-07 09:20:00+00:00,-0.0809999999999888,0,0.27874789574999614,False,HOLD,False
2026-07-07 10:20:00+00:00,-0.0430000000000063,0,0.35918197452612083,False,HOLD,False
2026-07-07 11:40:00+00:00,0.0289999999999963,1,0.3522810937609332,False,HOLD,False
2026-07-07 13:25:00+00:00,0.0149999999999863,1,0.555345072492292,False,HOLD,False
2026-07-07 14:35:00+00:00,-0.1229999999999904,0,0.5758939986816057,False,HOLD,False
2026-07-07 15:55:00+00:00,0.0570000000000163,1,0.5040695525714318,False,HOLD,False
2026-07-07 17:00:00+00:00,-0.0819999999999936,0,0.3890766017439741,False,HOLD,False
2026-07-07 18:15:00+00:00,0.0150000000000147,1,0.5749975238245822,False,HOLD,False
2026-07-07 19:40:00+00:00,-0.0250000000000056,0,0.6482771113096498,False,HOLD,False
2026-07-07 20:55:00+00:00,0.0409999999999968,1,0.7890249435127649,True,UP,True
2026-07-07 21:55:00+00:00,0.1410000000000195,1,0.6849966101738107,False,HOLD,False
2026-07-07 23:20:00+00:00,0.0529999999999972,1,0.07098751392612022,True,DOWN,False
2026-07-08 00:30:00+00:00,0.0180000000000006,1,0.4453670680938637,False,HOLD,False
2026-07-08 01:35:00+00:00,0.1349999999999909,1,0.41146248182949197,False,HOLD,False
2026-07-08 02:35:00+00:00,0.0289999999999963,1,0.3714904935078269,False,HOLD,False
2026-07-08 04:05:00+00:00,0.0300000000000011,1,0.2967957785295922,False,HOLD,False
2026-07-08 05:25:00+00:00,-0.082000000000022,0,0.35307955330828295,False,HOLD,False
2026-07-08 06:35:00+00:00,0.0300000000000011,1,0.6205591238133931,False,HOLD,False
2026-07-08 07:40:00+00:00,-0.1299999999999954,0,0.6959269026053299,False,HOLD,False
2026-07-08 08:40:00+00:00,-0.1350000000000193,0,0.6685901909914825,False,HOLD,False
2026-07-08 09:50:00+00:00,0.0480000000000018,1,0.36679076037609226,False,HOLD,False
2026-07-08 11:00:00+00:00,0.197999999999979,1,0.42513888133135613,False,HOLD,False
2026-07-08 12:15:00+00:00,-0.0740000000000122,0,0.3280013618419991,False,HOLD,False
2026-07-08 13:20:00+00:00,0.0509999999999877,1,0.3807364035641306,False,HOLD,False
2026-07-08 14:35:00+00:00,-0.0689999999999884,0,0.39852384576233624,False,HOLD,False
2026-07-08 15:40:00+00:00,0.0420000000000015,1,0.48969575204563015,False,HOLD,False
2026-07-08 16:55:00+00:00,0.0690000000000168,1,0.5874643462599363,False,HOLD,False
2026-07-08 17:55:00+00:00,0.0619999999999834,1,0.48595107930138026,False,HOLD,False
2026-07-08 19:05:00+00:00,-0.1620000000000061,0,0.560167411201109,False,HOLD,False
2026-07-08 20:20:00+00:00,0.025999999999982,1,0.6194127983887743,False,HOLD,False
2026-07-08 21:20:00+00:00,-0.018999999999977,0,0.5392797669045009,False,HOLD,False
2026-07-08 22:30:00+00:00,0.1240000000000236,1,0.8535398241087553,True,UP,True
2026-07-08 23:40:00+00:00,-0.0379999999999824,0,0.056789323374756034,True,DOWN,True
2026-07-09 00:55:00+00:00,0.0349999999999965,1,0.4748386808519236,False,HOLD,False
2026-07-09 02:00:00+00:00,-0.0589999999999975,0,0.7579984878125409,True,UP,False
2026-07-09 03:00:00+00:00,-0.0589999999999975,0,0.6506415536029599,False,HOLD,False
2026-07-09 04:15:00+00:00,-0.0370000000000061,0,0.4757399094297077,False,HOLD,False
2026-07-09 05:35:00+00:00,-0.0510000000000161,0,0.6560902396605972,False,HOLD,False
2026-07-09 06:55:00+00:00,-0.0200000000000102,0,0.7394421481764533,False,HOLD,False
2026-07-09 07:55:00+00:00,-0.0619999999999834,0,0.8168848056357012,True,UP,False
2026-07-09 08:55:00+00:00,-0.0709999999999979,0,0.6594549559353888,False,HOLD,False
2026-07-09 10:00:00+00:00,0.0279999999999915,1,0.28545659143436347,False,HOLD,False
2026-07-09 11:05:00+00:00,0.0800000000000125,1,0.3992148578585111,False,HOLD,False
2026-07-09 12:25:00+00:00,0.032999999999987,1,0.4322751876585519,False,HOLD,False
2026-07-09 13:40:00+00:00,0.0529999999999972,1,0.7075143025143612,False,HOLD,False
2026-07-09 14:40:00+00:00,-0.0449999999999874,0,0.5666232539905565,False,HOLD,False
2026-07-09 15:50:00+00:00,-0.079999999999984,0,0.7221764670543233,False,HOLD,False
2026-07-09 16:55:00+00:00,0.0269999999999868,1,0.6759339027448423,False,HOLD,False
2026-07-09 18:15:00+00:00,-0.0889999999999986,0,0.5552820394713471,False,HOLD,False
2026-07-09 19:20:00+00:00,-0.0260000000000104,0,0.6023379998912801,False,HOLD,False
2026-07-09 20:50:00+00:00,0.0529999999999972,1,0.7149999150690681,False,HOLD,False
2026-07-09 21:50:00+00:00,0.068000000000012,1,0.645552702184692,False,HOLD,False
2026-07-09 23:00:00+00:00,-0.0310000000000059,0,0.11069070537300368,True,DOWN,True
2026-07-10 00:00:00+00:00,0.0339999999999918,1,0.6322634072799779,False,HOLD,False
2026-07-10 01:15:00+00:00,-0.0190000000000054,0,0.7296840934616238,False,HOLD,False
2026-07-10 02:25:00+00:00,0.0379999999999824,1,0.691830102615889,False,HOLD,False
2026-07-10 03:25:00+00:00,-0.5169999999999959,0,0.6729405984510357,False,HOLD,False
2026-07-10 04:25:00+00:00,-0.4319999999999879,0,0.6426141600808928,False,HOLD,False
2026-07-10 05:35:00+00:00,-0.117999999999995,0,0.7098081738692865,False,HOLD,False
2026-07-10 06:45:00+00:00,0.2120000000000175,1,0.5619540434441351,False,HOLD,False
2026-07-10 08:15:00+00:00,-0.211999999999989,0,0.34252817107199723,False,HOLD,False
2026-07-10 09:20:00+00:00,0.242999999999995,1,0.4228663459798699,False,HOLD,False
2026-07-10 10:25:00+00:00,-0.0219999999999913,0,0.24239644588599787,True,DOWN,True
2026-07-10 11:45:00+00:00,0.1769999999999925,1,0.36808924438518703,False,HOLD,False
2026-07-10 12:50:00+00:00,-0.0429999999999779,0,0.206400109881458,True,DOWN,True
2026-07-10 14:05:00+00:00,0.1210000000000093,1,0.27491570349299016,False,HOLD,False
2026-07-10 15:20:00+00:00,-0.0339999999999918,0,0.32364804737512864,False,HOLD,False
2026-07-10 16:25:00+00:00,-0.0400000000000204,0,0.41957821178901755,False,HOLD,False
2026-07-10 17:30:00+00:00,-0.3329999999999984,0,0.3330176914973072,False,HOLD,False
2026-07-10 18:30:00+00:00,-0.0510000000000161,0,0.3886908186728172,False,HOLD,False
2026-07-10 19:40:00+00:00,0.1140000000000043,1,0.43276716421219197,False,HOLD,False
2026-07-10 20:40:00+00:00,0.1569999999999822,1,0.5093811241026892,False,HOLD,False
2026-07-10 22:25:00+00:00,0.0180000000000006,1,0.44088268924160234,False,HOLD,False
2026-07-10 23:40:00+00:00,-0.0340000000000202,0,0.1994074791624773,True,DOWN,True
2026-07-13 00:45:00+00:00,0.2920000000000016,1,0.8729283544429447,True,UP,True
2026-07-13 02:05:00+00:00,-0.1210000000000093,0,0.2926594298986962,False,HOLD,False
2026-07-13 03:25:00+00:00,0.0740000000000122,1,0.4444411453923582,False,HOLD,False
2026-07-13 04:50:00+00:00,0.046999999999997,1,0.39653075578004515,False,HOLD,False
2026-07-13 05:50:00+00:00,0.0289999999999963,1,0.4509904720618647,False,HOLD,False
2026-07-13 07:05:00+00:00,-0.1310000000000002,0,0.6801706344575466,False,HOLD,False
2026-07-13 08:05:00+00:00,0.3889999999999816,1,0.6139134916197231,False,HOLD,False
2026-07-13 09:05:00+00:00,-0.2189999999999941,0,0.3578114028298575,False,HOLD,False
2026-07-13 10:05:00+00:00,-0.0409999999999968,0,0.41831536063900865,False,HOLD,False
2026-07-13 11:30:00+00:00,-0.0780000000000029,0,0.40089838649576365,False,HOLD,False
2026-07-13 12:35:00+00:00,0.0929999999999893,1,0.5842086509798555,False,HOLD,False
2026-07-13 13:45:00+00:00,-0.0190000000000054,0,0.4587772922259327,False,HOLD,False
2026-07-13 14:45:00+00:00,0.0809999999999888,1,0.5254326615144722,False,HOLD,False
2026-07-13 15:55:00+00:00,0.11099999999999,1,0.5869733801273854,False,HOLD,False
2026-07-13 16:55:00+00:00,0.1239999999999952,1,0.4812162673980902,False,HOLD,False
2026-07-13 18:10:00+00:00,-0.0260000000000104,0,0.25031306748881,False,HOLD,False
2026-07-13 19:10:00+00:00,0.100999999999999,1,0.5019271726408886,False,HOLD,False
2026-07-13 20:45:00+00:00,-0.0410000000000252,0,0.5443099340706716,False,HOLD,False
2026-07-13 22:00:00+00:00,0.0620000000000118,1,0.7956315317954202,True,UP,True
2026-07-13 23:00:00+00:00,-0.0759999999999934,0,0.1646760979663023,True,DOWN,True
2026-07-14 00:10:00+00:00,0.0459999999999922,1,0.8450952084938562,True,UP,True
2026-07-14 01:45:00+00:00,-0.0120000000000004,0,0.8235813004279263,True,UP,False
2026-07-14 02:45:00+00:00,-0.0349999999999965,0,0.8050329438229252,True,UP,False
2026-07-14 03:50:00+00:00,0.0910000000000081,1,0.293633035450545,False,HOLD,False
2026-07-14 05:25:00+00:00,-0.0240000000000009,0,0.4520839103471245,False,HOLD,False
2026-07-14 06:25:00+00:00,-0.0120000000000004,0,0.6151146240301494,False,HOLD,False
2026-07-14 07:45:00+00:00,-0.0630000000000166,0,0.7753305184894729,True,UP,False
2026-07-14 08:55:00+00:00,0.0590000000000259,1,0.8642954408004682,True,UP,True
2026-07-14 10:35:00+00:00,-0.0349999999999965,0,0.6859584043949704,False,HOLD,False
2026-07-14 11:35:00+00:00,-0.0879999999999938,0,0.775166404534763,True,UP,False
2026-07-14 12:50:00+00:00,0.0850000000000079,1,0.34189407759386303,False,HOLD,False
2026-07-14 13:55:00+00:00,-0.0560000000000115,0,0.5077440417453781,False,HOLD,False
2026-07-14 14:55:00+00:00,-0.2879999999999825,0,0.727451670393343,False,HOLD,False
2026-07-14 16:20:00+00:00,0.061000000000007,1,0.4353987720320954,False,HOLD,False
2026-07-14 17:45:00+00:00,0.1490000000000009,1,0.4655908020371709,False,HOLD,False
2026-07-14 18:45:00+00:00,0.0450000000000159,1,0.5163077676134765,False,HOLD,False
2026-07-14 19:55:00+00:00,0.0780000000000029,1,0.4401382101528196,False,HOLD,False
2026-07-14 21:10:00+00:00,-0.0309999999999774,0,0.6212071374396028,False,HOLD,False
2026-07-14 22:10:00+00:00,0.0780000000000029,1,0.6884345340760047,False,HOLD,False
2026-07-14 23:10:00+00:00,-0.0620000000000118,0,0.07971428693953155,True,DOWN,True
2026-07-15 00:10:00+00:00,0.0800000000000125,1,0.8590487903055634,True,UP,True
2026-07-15 01:15:00+00:00,-0.0300000000000011,0,0.5479804738740672,False,HOLD,False
2026-07-15 02:15:00+00:00,-0.0080000000000097,0,0.768059153614794,True,UP,False
2026-07-15 03:20:00+00:00,-0.1569999999999822,0,0.830625707341303,True,UP,False
2026-07-15 04:25:00+00:00,0.0480000000000018,1,0.34627436063752487,False,HOLD,False
2026-07-15 05:35:00+00:00,0.0489999999999781,1,0.4108667535040676,False,HOLD,False
2026-07-15 06:40:00+00:00,0.039999999999992,1,0.5863372916978157,False,HOLD,False
2026-07-15 07:50:00+00:00,-0.0409999999999968,0,0.6482387972616072,False,HOLD,False
2026-07-15 09:05:00+00:00,0.0500000000000113,1,0.7771208250419848,True,UP,True
2026-07-15 10:05:00+00:00,0.065999999999974,1,0.47132661822956007,False,HOLD,False
2026-07-15 11:10:00+00:00,-0.0570000000000163,0,0.3527846930858401,False,HOLD,False
2026-07-15 12:10:00+00:00,0.100999999999999,1,0.4381707944564978,False,HOLD,False
2026-07-15 13:10:00+00:00,-0.0309999999999774,0,0.42216796933036227,False,HOLD,False
2026-07-15 14:10:00+00:00,0.018999999999977,1,0.5015833644667427,False,HOLD,False
2026-07-15 15:15:00+00:00,-0.1900000000000261,0,0.5528080956365037,False,HOLD,False
2026-07-15 16:20:00+00:00,-0.0270000000000152,0,0.5707778503255984,False,HOLD,False
2026-07-15 17:30:00+00:00,-0.0860000000000127,0,0.45008085432246886,False,HOLD,False
2026-07-15 18:45:00+00:00,0.0569999999999879,1,0.3624337392728981,False,HOLD,False
2026-07-15 19:45:00+00:00,-0.2009999999999934,0,0.4824991806205818,False,HOLD,False
2026-07-15 20:45:00+00:00,0.0270000000000152,1,0.5387987581401601,False,HOLD,False
2026-07-15 21:45:00+00:00,0.2699999999999818,1,0.37791900260454286,False,HOLD,False
2026-07-15 22:45:00+00:00,-0.0639999999999929,0,0.47626845532900636,False,HOLD,False
2026-07-15 23:45:00+00:00,-0.0709999999999979,0,0.07179882761311666,True,DOWN,True
2026-07-16 00:45:00+00:00,-0.0229999999999961,0,0.8392170991075566,True,UP,False
2026-07-16 02:00:00+00:00,0.0110000000000241,1,0.800336210691508,True,UP,True
2026-07-16 03:15:00+00:00,0.0109999999999956,1,0.5734431374714535,False,HOLD,False
2026-07-16 04:20:00+00:00,0.0809999999999888,1,0.5146112449092096,False,HOLD,False
2026-07-16 05:20:00+00:00,-0.0120000000000004,0,0.6590283545084828,False,HOLD,False
2026-07-16 06:30:00+00:00,0.0620000000000118,1,0.7639348746607814,True,UP,True
2026-07-16 07:45:00+00:00,0.0099999999999909,1,0.9117256076619978,True,UP,True
2026-07-16 08:45:00+00:00,0.0090000000000145,1,0.7558628337286902,True,UP,True
2026-07-16 09:50:00+00:00,-0.0860000000000127,0,0.7593703333222485,True,UP,False
2026-07-16 10:50:00+00:00,0.1110000000000184,1,0.334796230453401,False,HOLD,False
2026-07-16 12:05:00+00:00,0.0389999999999872,1,0.4385861998225533,False,HOLD,False
2026-07-16 13:25:00+00:00,0.0120000000000004,1,0.5993381848163841,False,HOLD,False
2026-07-16 14:40:00+00:00,0.1049999999999897,1,0.7586719677473707,True,UP,True
2026-07-16 15:55:00+00:00,0.02800000000002,1,0.3622108327747934,False,HOLD,False
2026-07-16 17:00:00+00:00,0.146000000000015,1,0.5380750998644069,False,HOLD,False
2026-07-16 18:05:00+00:00,-0.021000000000015,0,0.22536850603886976,True,DOWN,True
2026-07-16 19:05:00+00:00,0.054000000000002,1,0.4817228982630727,False,HOLD,False
2026-07-16 20:20:00+00:00,-0.0840000000000031,0,0.5279518110298377,False,HOLD,False
2026-07-16 21:25:00+00:00,0.0349999999999965,1,0.8118912582804646,True,UP,True
2026-07-16 22:35:00+00:00,-0.0439999999999827,0,0.6230517318126189,False,HOLD,False
2026-07-16 23:45:00+00:00,-0.0199999999999818,0,0.15213573601429972,True,DOWN,True
2026-07-17 01:05:00+00:00,0.0269999999999868,1,0.7271965869110611,False,HOLD,False
2026-07-17 02:10:00+00:00,0.0380000000000109,1,0.7884219498037656,True,UP,True
2026-07-17 03:10:00+00:00,0.0509999999999877,1,0.7153206743515657,False,HOLD,False
2026-07-17 04:10:00+00:00,-0.0120000000000004,0,0.6287942674607313,False,HOLD,False
2026-07-17 05:20:00+00:00,-0.039999999999992,0,0.7590682237406864,True,UP,False
2026-07-17 06:20:00+00:00,0.0409999999999968,1,0.7592843565546399,True,UP,True
2026-07-17 07:30:00+00:00,-0.0079999999999813,0,0.768706941674471,True,UP,False
2026-07-17 08:35:00+00:00,0.0080000000000097,1,0.7045753458379702,False,HOLD,False
2026-07-17 09:45:00+00:00,-0.1430000000000006,0,0.677724974404724,False,HOLD,False
2026-07-17 10:45:00+00:00,0.1539999999999963,1,0.24182884575207378,True,DOWN,False
2026-07-17 11:55:00+00:00,-0.0289999999999963,0,0.36248377293165557,False,HOLD,False
2026-07-17 13:05:00+00:00,-0.0360000000000013,0,0.4787374281665247,False,HOLD,False
2026-07-17 14:35:00+00:00,0.0550000000000068,1,0.7830817133757698,True,UP,True
2026-07-17 15:35:00+00:00,-0.0310000000000059,0,0.6659710166650818,False,HOLD,False
2026-07-17 16:40:00+00:00,0.021000000000015,1,0.5969515475926839,False,HOLD,False
2026-07-17 18:00:00+00:00,0.0870000000000175,1,0.6663491749460192,False,HOLD,False
2026-07-17 19:05:00+00:00,-0.0240000000000009,0,0.6299246694176273,False,HOLD,False
2026-07-17 20:10:00+00:00,-0.0229999999999961,0,0.42298675746186376,False,HOLD,False
2026-07-17 21:15:00+00:00,0.01400000000001,1,0.7917212876924523,True,UP,True
2026-07-17 22:15:00+00:00,-0.035000000000025,0,0.5153779305024148,False,HOLD,False
2026-07-17 23:20:00+00:00,-0.0240000000000009,0,0.32267624380375215,False,HOLD,False
2026-07-20 00:30:00+00:00,0.1910000000000025,1,0.8568108489193839,True,UP,True
2026-07-20 01:55:00+00:00,0.0130000000000052,1,0.7093670811035796,False,HOLD,False
2026-07-20 03:00:00+00:00,-0.1839999999999975,0,0.73704316408518,False,HOLD,False
2026-07-20 04:00:00+00:00,0.0360000000000013,1,0.6572436839577206,False,HOLD,False
2026-07-20 05:25:00+00:00,0.0289999999999963,1,0.6071963296598957,False,HOLD,False
2026-07-20 06:55:00+00:00,-0.0310000000000059,0,0.7971038596212425,True,UP,False
2026-07-20 07:55:00+00:00,0.0339999999999918,1,0.8361354760553226,True,UP,True
2026-07-20 08:55:00+00:00,0.0370000000000061,1,0.7599004179253313,True,UP,True
2026-07-20 09:55:00+00:00,-0.046999999999997,0,0.7693575513862778,True,UP,False
2026-07-20 11:10:00+00:00,0.0250000000000056,1,0.7886214989711069,True,UP,True
2026-07-20 12:10:00+00:00,0.0219999999999913,1,0.8626583459488242,True,UP,True
2026-07-20 13:20:00+00:00,0.0240000000000009,1,0.825173819186947,True,UP,True
2026-07-20 14:35:00+00:00,0.0759999999999934,1,0.6045765273779805,False,HOLD,False
2026-07-20 15:50:00+00:00,0.0120000000000004,1,0.8504979378483151,True,UP,True
2026-07-20 16:50:00+00:00,0.1780000000000257,1,0.8687815353351237,True,UP,True
2026-07-20 18:15:00+00:00,-0.0190000000000054,0,0.4800991796918507,False,HOLD,False
2026-07-20 19:30:00+00:00,-0.0639999999999929,0,0.7715310908603482,True,UP,False
2026-07-20 20:45:00+00:00,0.0360000000000013,1,0.8187403894313091,True,UP,True
2026-07-20 22:05:00+00:00,0.0219999999999913,1,0.7101497561942732,False,HOLD,False
2026-07-20 23:10:00+00:00,-0.0319999999999822,0,0.21110297036532133,True,DOWN,True
2026-07-21 00:15:00+00:00,0.0139999999999815,1,0.852581357058652,True,UP,True
2026-07-21 01:55:00+00:00,-0.0120000000000004,0,0.7642970404111536,True,UP,False
2026-07-21 03:05:00+00:00,0.0339999999999918,1,0.8020416174453028,True,UP,True
2026-07-21 04:25:00+00:00,0.0200000000000102,1,0.7746346365455051,True,UP,True
2026-07-21 06:20:00+00:00,-0.0240000000000009,0,0.8126395767661748,True,UP,False
2026-07-21 07:25:00+00:00,0.0330000000000154,1,0.8514700706425253,True,UP,True
2026-07-21 08:35:00+00:00,0.0439999999999827,1,0.803608806997559,True,UP,True
2026-07-21 09:35:00+00:00,0.02800000000002,1,0.7655633752924894,True,UP,True
2026-07-21 10:35:00+00:00,0.1209999999999809,1,0.7434035704628004,False,HOLD,False
2026-07-21 11:35:00+00:00,-0.0190000000000054,0,0.36374459100549816,False,HOLD,False
2026-07-21 13:05:00+00:00,0.0360000000000013,1,0.4745429625771923,False,HOLD,False
2026-07-21 14:05:00+00:00,0.0289999999999963,1,0.4395070053582064,False,HOLD,False
2026-07-21 15:10:00+00:00,0.01400000000001,1,0.5174763576016697,False,HOLD,False
2026-07-21 16:15:00+00:00,0.1259999999999763,1,0.5305475729095337,False,HOLD,False
2026-07-21 17:15:00+00:00,0.0190000000000054,1,0.414739101612042,False,HOLD,False
2026-07-21 18:35:00+00:00,0.0150000000000147,1,0.29321762796721385,False,HOLD,False
2026-07-21 20:00:00+00:00,0.1019999999999754,1,0.5341391728907368,False,HOLD,False
2026-07-21 21:00:00+00:00,0.1060000000000229,1,0.5936362651688878,False,HOLD,False
2026-07-21 22:00:00+00:00,0.0129999999999768,1,0.26431313202637385,False,HOLD,False
2026-07-21 23:15:00+00:00,-0.0590000000000259,0,0.03989972272820054,True,DOWN,True
2026-07-22 00:20:00+00:00,0.0180000000000006,1,0.7505397848611853,True,UP,True
2026-07-22 01:20:00+00:00,0.0289999999999963,1,0.6302798559938785,False,HOLD,False
2026-07-22 02:25:00+00:00,-0.1440000000000054,0,0.6129503670264633,False,HOLD,False
2026-07-22 03:25:00+00:00,0.1050000000000181,1,0.6961508799970756,False,HOLD,False
2026-07-22 04:40:00+00:00,-0.0800000000000125,0,0.5244030059053372,False,HOLD,False
2026-07-22 05:50:00+00:00,0.046999999999997,1,0.6339282844954515,False,HOLD,False
2026-07-22 06:55:00+00:00,0.0160000000000195,1,0.7671196295287108,True,UP,True
2026-07-22 08:15:00+00:00,-0.0570000000000163,0,0.7792518752305574,True,UP,False
2026-07-22 09:30:00+00:00,-0.1810000000000116,0,0.7769149395429149,True,UP,False
2026-07-22 10:35:00+00:00,0.0860000000000127,1,0.38385319045982075,False,HOLD,False
2026-07-22 11:55:00+00:00,0.0759999999999934,1,0.3293519478951976,False,HOLD,False
2026-07-22 13:05:00+00:00,-0.0699999999999931,0,0.44755088037195595,False,HOLD,False
2026-07-22 14:25:00+00:00,0.0240000000000009,1,0.5632269417981486,False,HOLD,False
2026-07-22 15:40:00+00:00,-0.0240000000000009,0,0.8955517316410394,True,UP,False
2026-07-22 16:50:00+00:00,0.0279999999999915,1,0.7776730335927522,True,UP,True
2026-07-22 17:50:00+00:00,0.021000000000015,1,0.7701810072019948,True,UP,True
2026-07-22 19:20:00+00:00,0.0420000000000015,1,0.7595680290625654,True,UP,True
2026-07-22 20:20:00+00:00,-0.0130000000000052,0,0.7053745428668516,False,HOLD,False
2026-07-22 21:30:00+00:00,0.0160000000000195,1,0.6243538133099887,False,HOLD,False
2026-07-22 23:05:00+00:00,-0.0500000000000113,0,0.14002531565039414,True,DOWN,True
2026-07-23 00:05:00+00:00,0.0169999999999959,1,0.7698886766154408,True,UP,True
2026-07-23 01:30:00+00:00,-0.01400000000001,0,0.7201148260455934,False,HOLD,False
2026-07-23 02:50:00+00:00,-0.0340000000000202,0,0.748070866326426,False,HOLD,False
2026-07-23 04:00:00+00:00,-0.0150000000000147,0,0.7596592108236431,True,UP,False
2026-07-23 05:45:00+00:00,-0.0169999999999959,0,0.796846786905136,True,UP,False
2026-07-23 07:05:00+00:00,0.0449999999999874,1,0.843870755883513,True,UP,True
2026-07-23 08:05:00+00:00,0.0190000000000054,1,0.7254970934831955,False,HOLD,False
2026-07-23 09:30:00+00:00,0.0889999999999986,1,0.7837922735944968,True,UP,True
2026-07-23 10:30:00+00:00,0.242999999999995,1,0.5901210772322879,False,HOLD,False
2026-07-23 12:00:00+00:00,0.0660000000000025,1,0.2396284871218469,True,DOWN,False
2026-07-23 13:45:00+00:00,0.1159999999999854,1,0.4938733361367455,False,HOLD,False
2026-07-23 14:45:00+00:00,0.1959999999999979,1,0.27568876067503956,False,HOLD,False
2026-07-23 15:45:00+00:00,0.179000000000002,1,0.189639258334932,True,DOWN,False
2026-07-23 16:45:00+00:00,0.1119999999999947,1,0.21962305166976726,True,DOWN,False
2026-07-23 17:45:00+00:00,-0.1409999999999911,0,0.31066660802922147,False,HOLD,False
2026-07-23 18:45:00+00:00,-0.0749999999999886,0,0.2436184350128358,True,DOWN,True
2026-07-23 20:00:00+00:00,0.0979999999999847,1,0.6124849382421819,False,HOLD,False
2026-07-23 21:20:00+00:00,0.0200000000000102,1,0.6726635594965903,False,HOLD,False
2026-07-23 22:35:00+00:00,0.0430000000000063,1,0.7358151705183107,False,HOLD,False
2026-07-23 23:50:00+00:00,-0.0759999999999934,0,0.0374119436617078,True,DOWN,True
2026-07-24 01:00:00+00:00,0.0240000000000009,1,0.5489221020367258,False,HOLD,False
2026-07-24 02:35:00+00:00,0.054000000000002,1,0.683138657325344,False,HOLD,False
2026-07-24 03:45:00+00:00,-0.1489999999999725,0,0.6667411361841217,False,HOLD,False
2026-07-24 05:00:00+00:00,0.0180000000000006,1,0.43879854406131835,False,HOLD,False
2026-07-24 06:10:00+00:00,-0.0120000000000004,0,0.5910032762656379,False,HOLD,False
2026-07-24 07:40:00+00:00,-0.0139999999999815,0,0.8007775561258762,True,UP,False
2026-07-24 08:45:00+00:00,-0.0339999999999918,0,0.7368250084385771,False,HOLD,False
2026-07-24 09:50:00+00:00,-0.0270000000000152,0,0.7233862927417118,False,HOLD,False
2026-07-24 11:10:00+00:00,-0.0300000000000011,0,0.5001460142901278,False,HOLD,False
2026-07-24 12:45:00+00:00,0.0409999999999968,1,0.5658354943467656,False,HOLD,False
2026-07-24 13:45:00+00:00,0.0240000000000009,1,0.5281108563808035,False,HOLD,False
2026-07-24 14:45:00+00:00,0.0440000000000111,1,0.7425899146542636,False,HOLD,False
2026-07-24 15:55:00+00:00,-0.075000000000017,0,0.5825808119943883,False,HOLD,False
2026-07-24 16:55:00+00:00,-0.0199999999999818,0,0.6759789058139902,False,HOLD,False
2026-07-24 18:00:00+00:00,-0.0439999999999827,0,0.5986222194334633,False,HOLD,False
2026-07-24 19:05:00+00:00,0.0860000000000127,1,0.6235420136438328,False,HOLD,False
2026-07-24 20:05:00+00:00,0.0099999999999909,1,0.7150106746403893,False,HOLD,False
2026-07-24 21:15:00+00:00,0.0200000000000102,1,0.7601961737992702,True,UP,True
2026-07-24 22:25:00+00:00,0.0090000000000145,1,0.5622626700863872,False,HOLD,False
2026-07-24 23:30:00+00:00,-0.3060000000000116,0,0.14475403187067393,True,DOWN,True
2026-07-27 00:35:00+00:00,0.0660000000000025,1,0.8125228051019526,True,UP,True
2026-07-27 01:50:00+00:00,-0.0229999999999961,0,0.5298847793258342,False,HOLD,False
2026-07-27 02:50:00+00:00,-0.0130000000000052,0,0.7900795577033746,True,UP,False
2026-07-27 04:05:00+00:00,-0.0670000000000072,0,0.30870284074104093,False,HOLD,False
2026-07-27 05:15:00+00:00,0.0370000000000061,1,0.3526204926669568,False,HOLD,False
2026-07-27 06:30:00+00:00,-0.0240000000000009,0,0.7353890469823435,False,HOLD,False
2026-07-27 08:00:00+00:00,-0.0130000000000052,0,0.7943729875623271,True,UP,False
2026-07-27 09:05:00+00:00,-0.054000000000002,0,0.7355165191253984,False,HOLD,False
2026-07-27 10:20:00+00:00,0.1230000000000188,1,0.532261855794872,False,HOLD,False
2026-07-27 11:30:00+00:00,0.018999999999977,1,0.34295143603578243,False,HOLD,False
2026-07-27 12:50:00+00:00,0.046999999999997,1,0.43901390140826163,False,HOLD,False
2026-07-27 13:50:00+00:00,0.0590000000000259,1,0.7221731435732069,False,HOLD,False
2026-07-27 14:55:00+00:00,0.0420000000000015,1,0.6448494658142724,False,HOLD,False
2026-07-27 16:00:00+00:00,0.054000000000002,1,0.7581413753477447,True,UP,True
2026-07-27 17:00:00+00:00,-0.0470000000000254,0,0.4124205367192715,False,HOLD,False
2026-07-27 18:15:00+00:00,-0.0269999999999868,0,0.7350066948351383,False,HOLD,False
2026-07-27 19:25:00+00:00,0.0850000000000079,1,0.8620123092340038,True,UP,True
2026-07-27 20:30:00+00:00,0.0310000000000059,1,0.8431294207874133,True,UP,True
2026-07-27 21:35:00+00:00,-0.0260000000000104,0,0.7974641518578601,True,UP,False
2026-07-27 22:35:00+00:00,0.054000000000002,1,0.7406933864525193,False,HOLD,False
2026-07-27 23:35:00+00:00,-0.0789999999999793,0,0.060044834703176744,True,DOWN,True
2026-07-28 00:35:00+00:00,0.0660000000000025,1,0.829975713652881,True,UP,True
2026-07-28 01:55:00+00:00,0.0349999999999965,1,0.6820759077185486,False,HOLD,False
2026-07-28 02:55:00+00:00,-0.0309999999999774,0,0.6757685373092013,False,HOLD,False
2026-07-28 04:10:00+00:00,0.0269999999999868,1,0.7934493402171502,True,UP,True
2026-07-28 05:30:00+00:00,-0.039999999999992,0,0.790652986281527,True,UP,False
2026-07-28 06:30:00+00:00,0.0450000000000159,1,0.7902443628173172,True,UP,True
2026-07-28 07:55:00+00:00,-0.0120000000000004,0,0.8533656200382149,True,UP,False
2026-07-28 08:55:00+00:00,-0.0279999999999915,0,0.8075538860397472,True,UP,False
2026-07-28 10:05:00+00:00,0.0510000000000161,1,0.7620703939788637,True,UP,True
2026-07-28 11:05:00+00:00,0.0420000000000015,1,0.7759503959968527,True,UP,True
2026-07-28 12:25:00+00:00,0.0999999999999943,1,0.5383294360768118,False,HOLD,False
2026-07-28 13:35:00+00:00,-0.0099999999999909,0,0.3767007002579681,False,HOLD,False
2026-07-28 14:55:00+00:00,-0.0529999999999972,0,0.44022992123838,False,HOLD,False
2026-07-28 15:55:00+00:00,-0.0509999999999877,0,0.6714888354876849,False,HOLD,False
2026-07-28 17:05:00+00:00,-0.0260000000000104,0,0.6578761296615488,False,HOLD,False
2026-07-28 18:05:00+00:00,-0.1479999999999961,0,0.8021779175635139,True,UP,False
2026-07-28 19:10:00+00:00,0.0739999999999838,1,0.7031748108533363,False,HOLD,False
2026-07-28 20:10:00+00:00,0.0459999999999922,1,0.6926082550971819,False,HOLD,False
2026-07-28 21:10:00+00:00,0.0600000000000022,1,0.858744333566369,True,UP,True
2026-07-28 22:20:00+00:00,0.0109999999999956,1,0.7181140505342771,False,HOLD,False
2026-07-28 23:20:00+00:00,-0.0579999999999927,0,0.13089520073427077,True,DOWN,True
2026-07-29 00:30:00+00:00,0.0630000000000166,1,0.7415236832729588,False,HOLD,False
2026-07-29 01:35:00+00:00,0.0089999999999861,1,0.7019508573308446,False,HOLD,False
2026-07-29 02:45:00+00:00,-0.093999999999994,0,0.7413224498325128,False,HOLD,False
2026-07-29 03:50:00+00:00,0.0480000000000018,1,0.5834318831189675,False,HOLD,False
2026-07-29 05:10:00+00:00,-0.0139999999999815,0,0.6280728033822158,False,HOLD,False
2026-07-29 06:10:00+00:00,-0.1450000000000102,0,0.7284690993692277,False,HOLD,False
2026-07-29 07:10:00+00:00,-0.1359999999999956,0,0.4658959986954445,False,HOLD,False
2026-07-29 08:20:00+00:00,0.157999999999987,1,0.3076896726331803,False,HOLD,False
2026-07-29 09:25:00+00:00,0.039999999999992,1,0.3011856467610588,False,HOLD,False
2026-07-29 10:30:00+00:00,0.0260000000000104,1,0.29937979959267563,False,HOLD,False
2026-07-29 11:35:00+00:00,-0.0459999999999922,0,0.3209948707683211,False,HOLD,False
2026-07-29 12:40:00+00:00,0.11099999999999,1,0.33352692650126253,False,HOLD,False
2026-07-29 13:50:00+00:00,-0.0219999999999913,0,0.5106030100839053,False,HOLD,False
2026-07-29 14:50:00+00:00,0.1370000000000004,1,0.7460266487904883,False,HOLD,False
2026-07-29 16:00:00+00:00,-0.0420000000000015,0,0.4058794644501165,False,HOLD,False
2026-07-29 17:05:00+00:00,0.0709999999999979,1,0.6752652256880834,False,HOLD,False
2026-07-29 18:15:00+00:00,0.0209999999999865,1,0.5789980841281486,False,HOLD,False
2026-07-29 19:15:00+00:00,-0.0529999999999972,0,0.43115792079669907,False,HOLD,False
2026-07-29 20:15:00+00:00,-0.2749999999999772,0,0.509487657952067,False,HOLD,False
2026-07-29 21:15:00+00:00,-0.3020000000000209,0,0.46906008106639185,False,HOLD,False
2026-07-29 22:15:00+00:00,0.2800000000000011,1,0.5345409160728245,False,HOLD,False
2026-07-29 23:25:00+00:00,-0.1749999999999829,0,0.08395395626546387,True,DOWN,True
2026-07-30 00:40:00+00:00,0.0240000000000009,1,0.6153743613040771,False,HOLD,False
2026-07-30 01:45:00+00:00,-0.0759999999999934,0,0.6556247573421693,False,HOLD,False
2026-07-30 02:45:00+00:00,0.0970000000000084,1,0.47725890756067135,False,HOLD,False
2026-07-30 03:50:00+00:00,0.046999999999997,1,0.2887411716543678,False,HOLD,False
2026-07-30 05:30:00+00:00,0.0559999999999831,1,0.4228040252456569,False,HOLD,False
2026-07-30 06:35:00+00:00,-0.0440000000000111,0,0.5946190175427388,False,HOLD,False
2026-07-30 07:50:00+00:00,0.0099999999999909,1,0.8281672218870679,True,UP,True
2026-07-30 08:50:00+00:00,0.0999999999999943,1,0.713667428360477,False,HOLD,False
2026-07-30 10:00:00+00:00,0.1240000000000236,1,0.4526068133081235,False,HOLD,False
2026-07-30 11:00:00+00:00,-0.1140000000000043,0,0.3858591653584142,False,HOLD,False
2026-07-30 12:00:00+00:00,-0.2820000000000107,0,0.45581151881319276,False,HOLD,False
2026-07-30 13:00:00+00:00,-0.5649999999999977,0,0.24331679562998476,True,DOWN,True
2026-07-30 14:05:00+00:00,0.1810000000000116,1,0.47084948697033213,False,HOLD,False
2026-07-30 15:25:00+00:00,-0.1160000000000138,0,0.564292930433718,False,HOLD,False
2026-07-30 16:25:00+00:00,-3.5459999999999923,0,0.47905229469714533,False,HOLD,False
2026-07-30 17:45:00+00:00,-0.2450000000000045,0,0.12940829571744425,True,DOWN,True
2026-07-30 19:30:00+00:00,0.3340000000000032,1,0.06165746578737323,True,DOWN,False
2026-07-30 20:30:00+00:00,-0.8380000000000223,0,0.14856679230589007,True,DOWN,True
2026-07-30 21:35:00+00:00,0.3310000000000173,1,0.03215979608500893,True,DOWN,False
2026-07-30 22:35:00+00:00,0.0720000000000027,1,0.1977051326732861,True,DOWN,False
2026-07-31 00:00:00+00:00,0.0730000000000075,1,0.5615296688392718,False,HOLD,False
2026-07-31 01:10:00+00:00,0.1670000000000016,1,0.5175241969721076,False,HOLD,False
2026-07-31 02:10:00+00:00,0.4699999999999988,1,0.2441023763874224,True,DOWN,False
2026-07-31 03:10:00+00:00,0.1680000000000063,1,0.2068111549789908,True,DOWN,False
2026-07-31 04:15:00+00:00,0.1040000000000134,1,0.5011007786850742,False,HOLD,False
2026-07-31 05:40:00+00:00,0.0660000000000025,1,0.5516013208398995,False,HOLD,False
2026-07-31 07:00:00+00:00,0.0560000000000115,1,0.5600388726858864,False,HOLD,False
2026-07-31 08:20:00+00:00,-0.2940000000000111,0,0.37005175111536337,False,HOLD,False
2026-07-31 09:25:00+00:00,0.1640000000000157,1,0.6514206447085058,False,HOLD,False
2026-07-31 10:35:00+00:00,-0.4729999999999847,0,0.23206684810505238,True,DOWN,True
2026-07-31 11:35:00+00:00,-0.171999999999997,0,0.44737600116077725,False,HOLD,False
2026-07-31 12:40:00+00:00,0.0960000000000036,1,0.11776910697956687,True,DOWN,False
2026-07-31 14:10:00+00:00,0.2199999999999988,1,0.16962794879574056,True,DOWN,False
2026-07-31 15:10:00+00:00,0.1819999999999879,1,0.21549662260944305,True,DOWN,False
2026-07-31 16:10:00+00:00,-1.072999999999979,0,0.20739856754963154,True,DOWN,True
2026-07-31 17:45:00+00:00,-0.2690000000000054,0,0.053928480570676944,True,DOWN,True
2026-07-31 19:25:00+00:00,-0.5049999999999955,0,0.26046920176189226,False,HOLD,False
2026-07-31 20:25:00+00:00,0.079999999999984,1,0.3881366201186465,False,HOLD,False
2026-07-31 21:25:00+00:00,0.2340000000000088,1,0.033367554247986035,True,DOWN,False
2026-07-31 22:35:00+00:00,-1.4050000000000011,0,0.24852968944359588,True,DOWN,True
2026-07-31 23:35:00+00:00,-0.3710000000000093,0,0.2773885410913839,False,HOLD,False
2026-08-03 00:50:00+00:00,-0.3279999999999745,0,0.5249857280739181,False,HOLD,False
2026-08-03 01:55:00+00:00,0.2750000000000057,1,0.08369913642518874,True,DOWN,False
2026-08-03 03:00:00+00:00,-1.343999999999994,0,0.11694030889820127,True,DOWN,True
2026-08-03 04:00:00+00:00,0.1510000000000104,1,0.5658249307585285,False,HOLD,False
2026-08-03 05:35:00+00:00,0.2550000000000239,1,0.22642288892842286,True,DOWN,False
2026-08-03 07:30:00+00:00,-0.1440000000000054,0,0.3162957918206076,False,HOLD,False
2026-08-03 08:55:00+00:00,0.3760000000000048,1,0.5382404480186074,False,HOLD,False
2026-08-03 10:20:00+00:00,0.0759999999999934,1,0.5913912538481834,False,HOLD,False
2026-08-03 11:20:00+00:00,0.200000000000017,1,0.521446642972185,False,HOLD,False
2026-08-03 12:35:00+00:00,-0.1589999999999918,0,0.3680167623719932,False,HOLD,False
2026-08-03 13:55:00+00:00,-0.1620000000000061,0,0.4467505864756087,False,HOLD,False
2026-08-03 15:00:00+00:00,0.1459999999999865,1,0.5309831522517343,False,HOLD,False
2026-08-03 16:00:00+00:00,-0.2959999999999922,0,0.4525434823226029,False,HOLD,False
