direction,signal_time,entry_time,exit_time,entry_price,exit_price,stop_loss,take_profit,exit_reason,profit_jpy,balance_jpy,rsi14,ema20,ema50,atr14
BUY,2026-07-31 00:00:00,2026-07-31 00:05:00,2026-07-31 00:05:00,159.51999999999998,159.41662593345225,159.41662593345225,159.67506109982156,STOP_LOSS,-103.37406654772963,9896.625933452271,62.20191903814436,159.41783031479187,159.28948647771637,0.10337406654772015
BUY,2026-07-31 00:10:00,2026-07-31 00:15:00,2026-07-31 01:15:00,159.546,159.69484605035635,159.44676929976242,159.69484605035635,TAKE_PROFIT,148.84605035635445,10045.471983808626,65.64372251627512,159.4225096227661,159.3012868254506,0.09923070023757641
BUY,2026-07-31 01:25:00,2026-07-31 01:30:00,2026-07-31 01:35:00,159.73399999999998,159.65357475327292,159.65357475327292,159.85463787009056,STOP_LOSS,-80.42524672706008,9965.046737081566,67.86830665691113,159.57597119410326,159.4369270996735,0.08042524672705917
BUY,2026-07-31 01:40:00,2026-07-31 01:45:00,2026-07-31 02:10:00,159.59199999999998,159.74561293753243,159.48959137497835,159.74561293753243,TAKE_PROFIT,153.61293753244354,10118.65967461401,53.051248625953114,159.57592424364046,159.45291211034586,0.10240862502162795
BUY,2026-07-31 02:15:00,2026-07-31 02:20:00,2026-07-31 02:30:00,159.813,159.96767113004017,159.70988591330655,159.96767113004017,TAKE_PROFIT,154.6711300401853,10273.330804654195,62.79119353592792,159.64517143316783,159.51448169966537,0.10311408669344997
BUY,2026-07-31 03:20:00,2026-07-31 03:25:00,2026-07-31 03:35:00,160.209,160.37698590647847,160.09700939568103,160.37698590647847,TAKE_PROFIT,167.98590647846368,10441.316711132658,67.48149029742007,160.0289370600042,159.77260591312336,0.11199060431898376
BUY,2026-07-31 04:10:00,2026-07-31 04:15:00,2026-07-31 04:50:00,160.492,160.69556239279405,160.3562917381373,160.69556239279405,TAKE_PROFIT,203.56239279405486,10644.879103926713,65.00524486130551,160.33448431214308,160.01365794718663,0.1357082618626997
BUY,2026-07-31 05:00:00,2026-07-31 05:05:00,2026-07-31 05:10:00,160.673,160.562785888495,160.562785888495,160.8383211672575,STOP_LOSS,-110.21411150500171,10534.66499242171,67.54800119850518,160.50942609183227,160.20624738331836,0.1102141115049994
BUY,2026-07-31 05:15:00,2026-07-31 05:20:00,2026-07-31 05:20:00,160.624,160.52049475110186,160.52049475110186,160.7792578733472,STOP_LOSS,-103.50524889813073,10431.15974352358,60.828657418599306,160.5297889605742,160.24943905737632,0.10350524889813702
BUY,2026-07-31 05:25:00,2026-07-31 05:30:00,2026-07-31 05:30:00,160.61599999999999,160.51374292314392,160.51374292314392,160.76938561528405,STOP_LOSS,-102.25707685606267,10328.902666667516,59.77450375713162,160.54123767520926,160.27585358583644,0.10225707685604851
BUY,2026-07-31 05:35:00,2026-07-31 05:40:00,2026-07-31 05:50:00,160.563,160.4622222143435,160.4622222143435,160.71416667848473,STOP_LOSS,-100.77778565647577,10228.124881011041,54.40643587699998,160.53772970691733,160.29473143390746,0.10077778565648937
BUY,2026-07-31 06:00:00,2026-07-31 06:05:00,2026-07-31 06:10:00,160.63899999999998,160.79778032972612,160.53314644684923,160.79778032972612,TAKE_PROFIT,158.78032972614164,10386.905210737183,58.38823769452036,160.5443958378033,160.34185281162837,0.10585355315076196
BUY,2026-07-31 06:15:00,2026-07-31 06:20:00,2026-07-31 06:30:00,160.79999999999998,160.68202468794743,160.68202468794743,160.97696296807882,STOP_LOSS,-117.97531205255041,10268.929898684632,66.67265467720344,160.58688425132198,160.38286575627222,0.11797531205255891
BUY,2026-07-31 06:35:00,2026-07-31 06:40:00,2026-07-31 06:45:00,160.71099999999998,160.5970839523237,160.5970839523237,160.88187407151446,STOP_LOSS,-113.91604767629815,10155.013851008334,56.55410147755278,160.63890486225662,160.43694379939694,0.11391604767631033
BUY,2026-07-31 06:50:00,2026-07-31 06:55:00,2026-07-31 06:55:00,160.694,160.57893274171104,160.57893274171104,160.8666008874334,STOP_LOSS,-115.0672582889456,10039.946592719389,54.94165401797042,160.64484207431357,160.46236360868184,0.11506725828893995
BUY,2026-07-31 07:05:00,2026-07-31 07:10:00,2026-07-31 08:30:00,160.661,160.55106349618777,160.55106349618777,160.82590475571837,STOP_LOSS,-109.93650381223574,9930.010088907153,52.31332399986188,160.6358917814185,160.47900670328767,0.10993650381224736
BUY,2026-07-31 08:35:00,2026-07-31 08:40:00,2026-07-31 08:55:00,160.679,160.5854540333767,160.5854540333767,160.819318949935,STOP_LOSS,-93.54596662331005,9836.464122283844,50.00597464850033,160.6667048879113,160.58095324295155,0.09354596662332285
SELL,2026-07-31 09:25:00,2026-07-31 09:30:00,2026-07-31 09:30:00,160.326,160.4314883066134,160.4314883066134,160.1677675400799,STOP_LOSS,-105.48830661340958,9730.975815670434,31.435486789739002,160.53493277571272,160.5470112276293,0.10548830661340369
SELL,2026-07-31 09:35:00,2026-07-31 09:40:00,2026-07-31 09:40:00,160.391,160.5063087949881,160.5063087949881,160.21803680751785,STOP_LOSS,-115.30879498809554,9615.667020682338,40.46895517704863,160.51743930166052,160.53878275953016,0.11530879498808713
SELL,2026-07-31 09:45:00,2026-07-31 09:50:00,2026-07-31 09:50:00,160.269,160.0781006146455,160.396266256903,160.0781006146455,TAKE_PROFIT,190.89938535449846,9806.566406036836,36.57429235574325,160.48908750090575,160.5253477145836,0.1272662569029939
SELL,2026-07-31 09:55:00,2026-07-31 10:00:00,2026-07-31 10:05:00,160.282,160.43211223171738,160.43211223171738,160.05683165242394,STOP_LOSS,-150.11223171737242,9656.454174319464,41.37840929235114,160.43574282953966,160.49973927824502,0.150112231717376
SELL,2026-07-31 10:10:00,2026-07-31 10:15:00,2026-07-31 10:20:00,160.344,160.48342987357253,160.48342987357253,160.13485518964117,STOP_LOSS,-139.42987357253855,9517.024300746925,44.7523771242303,160.42186028159082,160.4865705825531,0.13942987357255127
SELL,2026-07-31 10:45:00,2026-07-31 10:50:00,2026-07-31 11:10:00,160.358,160.49458008827955,160.49458008827955,160.1531298675807,STOP_LOSS,-136.58008827954404,9380.44421246738,44.71717011741234,160.4481900781205,160.48320903444446,0.13658008827953566
SELL,2026-07-31 11:15:00,2026-07-31 11:20:00,2026-07-31 11:40:00,160.223,160.00337212997022,160.36941858001987,160.00337212997022,TAKE_PROFIT,219.62787002979667,9600.072082497178,41.57607421311639,160.37792255544161,160.44249270292678,0.14641858001986469
SELL,2026-07-31 11:45:00,2026-07-31 11:50:00,2026-07-31 11:50:00,160.014,160.15191125227466,160.15191125227466,159.80713312158804,STOP_LOSS,-137.91125227464818,9462.160830222529,34.8481055246141,160.25941947096476,160.374883293446,0.13791125227465606
SELL,2026-07-31 12:05:00,2026-07-31 12:10:00,2026-07-31 12:10:00,159.28,159.57010884205062,159.57010884205062,158.84483673692407,STOP_LOSS,-290.10884205061416,9172.051988171914,31.615971280397872,159.9465964946478,160.22007979555093,0.2901088420506146
SELL,2026-07-31 12:15:00,2026-07-31 12:20:00,2026-07-31 12:20:00,159.497,159.78441017503346,159.78441017503346,159.06588473744986,STOP_LOSS,-287.41017503344324,8884.64181313847,38.54750907249534,159.8692184457321,160.16629588201374,0.2874101750334369
SELL,2026-07-31 12:25:00,2026-07-31 12:30:00,2026-07-31 13:15:00,159.847,160.12278224275843,160.12278224275843,159.4333266358624,STOP_LOSS,-275.78224275842445,8608.859570380046,47.45511675089819,159.85768221974894,160.13846459543058,0.2757822427584228
SELL,2026-07-31 13:25:00,2026-07-31 13:30:00,2026-07-31 14:20:00,159.95,160.1452591019916,160.1452591019916,159.65711134701257,STOP_LOSS,-195.2591019916099,8413.600468388435,49.982506378721695,159.92396627671326,160.06309640465346,0.19525910199160684
BUY,2026-07-31 14:55:00,2026-07-31 15:00:00,2026-07-31 15:35:00,160.224,160.3955128218091,160.10965811879393,160.3955128218091,TAKE_PROFIT,171.51282180910243,8585.113290197538,61.05342024262155,160.08191463146002,160.07546078669742,0.11434188120606555
BUY,2026-07-31 15:45:00,2026-07-31 15:50:00,2026-07-31 15:55:00,160.41199999999998,160.3125046517705,160.3125046517705,160.5612430223442,STOP_LOSS,-99.4953482294818,8485.617941968056,67.49092898381413,160.24608506378584,160.15958729249104,0.09949534822948781
BUY,2026-07-31 16:00:00,2026-07-31 16:05:00,2026-07-31 16:15:00,160.357,160.503684190995,160.25921053933666,160.503684190995,TAKE_PROFIT,146.6841909949892,8632.302132963045,60.57404906664529,160.27296355172308,160.18113201841132,0.09778946066333231
SELL,2026-07-31 16:40:00,2026-07-31 16:45:00,2026-07-31 16:45:00,159.574,159.7880428616555,159.7880428616555,159.25293570751677,STOP_LOSS,-214.0428616554857,8418.25927130756,34.55050259203601,159.96717172134834,160.0677887228575,0.21404286165549372
SELL,2026-07-31 16:50:00,2026-07-31 16:55:00,2026-07-31 17:00:00,159.429,159.0786180335221,159.66258797765192,159.0786180335221,TAKE_PROFIT,350.3819664778973,8768.641237785456,31.08306267172935,159.87656460636452,160.02175191218026,0.2335879776519307
SELL,2026-07-31 17:05:00,2026-07-31 17:10:00,2026-07-31 17:35:00,159.266,159.51410451417684,159.51410451417684,158.8938432287347,STOP_LOSS,-248.10451417684476,8520.536723608611,30.276562865162546,159.73202879117312,159.94278168062132,0.24810451417685658
SELL,2026-07-31 17:40:00,2026-07-31 17:45:00,2026-07-31 18:05:00,159.353,159.02819341954134,159.5695377203058,159.02819341954134,TAKE_PROFIT,324.80658045867017,8845.34330406728,38.66152871274185,159.51706349418498,159.78640470171732,0.21653772030577215
SELL,2026-07-31 18:10:00,2026-07-31 18:15:00,2026-07-31 18:25:00,159.136,159.36183763623833,159.36183763623833,158.7972435456425,STOP_LOSS,-225.83763623833875,8619.505667828942,35.44467808407805,159.39942183311368,159.6755434355048,0.2258376362383309
SELL,2026-07-31 18:30:00,2026-07-31 18:35:00,2026-07-31 20:05:00,159.292,159.4993429489953,159.4993429489953,158.98098557650707,STOP_LOSS,-207.34294899529004,8412.162718833652,43.54931476658524,159.36317276604507,159.61817782539524,0.20734294899528774
SELL,2026-07-31 20:20:00,2026-07-31 20:25:00,2026-07-31 20:25:00,159.229,159.3572359439109,159.3572359439109,159.03664608413368,STOP_LOSS,-128.23594391088022,8283.926774922771,44.06182165819076,159.31824076248157,159.42493756147564,0.12823594391088078
SELL,2026-07-31 20:55:00,2026-07-31 21:00:00,2026-07-31 21:05:00,158.491,158.73211953285895,158.73211953285895,158.12932070071162,STOP_LOSS,-241.1195328589315,8042.80724206384,37.19535415692639,158.84669832042982,159.17247523946048,0.2411195328589272
SELL,2026-07-31 21:10:00,2026-07-31 21:15:00,2026-07-31 21:45:00,158.723,158.97409133152007,158.97409133152007,158.34636300271993,STOP_LOSS,-251.09133152005825,7791.715910543782,44.966128096128934,158.79315427921694,159.1118830423237,0.2510913315200677
SELL,2026-07-31 22:00:00,2026-07-31 22:05:00,2026-07-31 22:20:00,158.878,159.06798997932773,159.06798997932773,158.59301503100835,STOP_LOSS,-189.98997932774842,7601.725931216034,49.9946765821742,158.8447225281206,159.02965742100153,0.18998997932775497
SELL,2026-07-31 23:05:00,2026-07-31 23:10:00,2026-07-31 23:10:00,158.789,158.94313658897192,158.94313658897192,158.55779511654208,STOP_LOSS,-154.13658897193727,7447.589342244097,41.68511735490311,158.9921466272076,159.03734585950693,0.15413658897194474
SELL,2026-08-03 00:15:00,2026-08-03 00:20:00,2026-08-03 01:00:00,157.489,157.12134864960044,157.73410090026638,157.12134864960044,TAKE_PROFIT,367.6513503995693,7815.240692643666,30.369391670675242,157.9618923938649,158.4604390998928,0.24510090026637293
SELL,2026-08-03 01:15:00,2026-08-03 01:20:00,2026-08-03 01:25:00,157.27,157.4796880797991,157.4796880797991,156.9554678803014,STOP_LOSS,-209.68807979909343,7605.552612844573,37.12355832674119,157.49025875827175,158.02326740789286,0.2096880797990835
SELL,2026-08-03 01:30:00,2026-08-03 01:35:00,2026-08-03 02:10:00,157.344,157.54629216884788,157.54629216884788,157.04056174672817,STOP_LOSS,-202.29216884789025,7403.260443996683,42.28419613276366,157.4470967306971,157.94424154564373,0.2022921688478802
SELL,2026-08-03 02:55:00,2026-08-03 03:00:00,2026-08-03 03:00:00,157.572,157.74349724252812,157.74349724252812,157.31475413620782,STOP_LOSS,-171.49724252811893,7231.763201468564,49.81494836357631,157.56887777587812,157.7479768592652,0.17149724252811763
SELL,2026-08-03 03:55:00,2026-08-03 04:00:00,2026-08-03 04:00:00,156.111,155.56269280559368,156.4765381296042,155.56269280559368,TAKE_PROFIT,548.3071944063056,7780.07039587487,36.00782649279211,156.77849557963734,157.30750695981936,0.3655381296042001
SELL,2026-08-03 04:05:00,2026-08-03 04:10:00,2026-08-03 05:05:00,156.156,156.55549461175056,156.55549461175056,155.55675808237416,STOP_LOSS,-399.4946117505549,7380.575784124315,37.713426329995826,156.6751267670047,157.2231442562577,0.39949461175055867
SELL,2026-08-03 05:10:00,2026-08-03 05:15:00,2026-08-03 09:35:00,156.52,156.7682396685521,156.7682396685521,156.1476404971719,STOP_LOSS,-248.23966855208823,7132.336115572227,49.177788031401185,156.4550757133457,156.86818834473513,0.24823966855207846
BUY,2026-08-03 09:55:00,2026-08-03 10:00:00,2026-08-03 10:00:00,156.78799999999998,156.69288604379057,156.69288604379057,156.93067093431412,STOP_LOSS,-95.11395620941698,7037.22215936281,65.15315856352959,156.5950143972716,156.56462916140293,0.09511395620942335
BUY,2026-08-03 10:05:00,2026-08-03 10:10:00,2026-08-03 10:10:00,156.673,156.5708915377582,156.5708915377582,156.8261626933627,STOP_LOSS,-102.10846224180159,6935.113697121009,55.04756402604413,156.6112793592178,156.57394410477835,0.10210846224180013
BUY,2026-08-03 10:15:00,2026-08-03 10:20:00,2026-08-03 10:25:00,156.697,156.58736056061804,156.58736056061804,156.86145915907295,STOP_LOSS,-109.63943938196508,6825.474257739044,55.88698017816103,156.6145574799946,156.5780960382825,0.10963943938195889
BUY,2026-08-03 10:35:00,2026-08-03 10:40:00,2026-08-03 11:30:00,156.642,156.81022635210022,156.52984909859984,156.81022635210022,TAKE_PROFIT,168.22635210021986,6993.700609839264,51.92747395960119,156.6074798533038,156.5804762228923,0.11215090140015078
BUY,2026-08-03 11:35:00,2026-08-03 11:40:00,2026-08-03 12:35:00,156.87,157.0301355678408,156.7632429547728,157.0301355678408,TAKE_PROFIT,160.13556784079697,7153.836177680061,63.888697175709815,156.71627173934908,156.6475260406152,0.10675704522720494
BUY,2026-08-03 12:45:00,2026-08-03 12:50:00,2026-08-03 12:50:00,157.006,156.9080022094512,156.9080022094512,157.15299668582315,STOP_LOSS,-97.99779054878854,7055.838387131273,60.002417134375555,156.91526854333483,156.78623167770465,0.09799779054877711
BUY,2026-08-03 12:55:00,2026-08-03 13:00:00,2026-08-03 13:00:00,157.10399999999998,156.99654272141456,156.99654272141456,157.2651859178781,STOP_LOSS,-107.45727858542864,6948.381108545844,63.42854507160374,156.9297277644986,156.802076223825,0.10745727858542632
BUY,2026-08-03 13:05:00,2026-08-03 13:10:00,2026-08-03 13:50:00,156.956,156.8486108159136,156.8486108159136,157.11708377612962,STOP_LOSS,-107.38918408640075,6840.991924459443,52.01971583215745,156.93816263715192,156.81557209281192,0.10738918408641311
BUY,2026-08-03 14:20:00,2026-08-03 14:25:00,2026-08-03 14:50:00,156.928,156.83309222465488,156.83309222465488,157.07036166301768,STOP_LOSS,-94.90777534512063,6746.084149114322,51.83828244616114,156.8852962583274,156.84445999144134,0.09490777534512083
SELL,2026-08-03 15:05:00,2026-08-03 15:10:00,2026-08-03 15:35:00,156.677,156.77822848011883,156.77822848011883,156.52515727982177,STOP_LOSS,-101.22848011883434,6644.855668995488,36.98671830045782,156.83222022283394,156.8350976810777,0.10122848011882384
