ema_short,ema_long,sl_atr,tp_atr,spread_atr_limit,train_trades,train_win_rate,train_return,train_pf,train_max_dd,test_trades,test_win_rate,test_return,test_pf,test_max_dd
10,30,1.0,1.5,0.25,88,31.818181818181817,-16.029191983152526,0.6923774921657709,23.84266589956143,7,42.857142857142854,0.31997118219182497,1.0849393390643598,2.356843681964242
10,30,1.0,1.5,0.4,221,25.339366515837103,-48.63336497552092,0.5069470986365164,49.38729831451575,44,31.818181818181817,-4.734775992816919,0.7631786698345406,10.234931869342022
10,30,1.0,1.5,0.6,300,22.0,-66.20610888204914,0.43162936604753355,66.20610888204914,121,23.96694214876033,-28.556767420661856,0.4911360458384681,31.935900852780502
10,30,1.0,2.0,0.25,108,28.703703703703702,-13.521287334870957,0.7995924588131851,22.566162266926522,7,42.857142857142854,1.6823133224801223,1.4465857854191715,1.903349441679398
10,30,1.0,2.0,0.4,219,20.54794520547945,-49.6282283334722,0.5217604278619675,49.628228333472194,43,27.906976744186046,-3.7507159126414447,0.8188886842336164,8.983372982751712
10,30,1.0,2.0,0.6,322,18.944099378881987,-66.26737625849752,0.4883897530712494,66.26737625849752,120,20.0,-28.120628743698106,0.5144683029338148,31.34118575359969
10,30,1.0,3.0,0.25,83,19.27710843373494,-16.698522041938947,0.710494107159344,25.702780102503812,7,28.57142857142857,0.8187297857711107,1.1755378079504146,4.421687606563009
10,30,1.0,3.0,0.4,185,13.513513513513514,-49.86742062886034,0.48885936002262065,49.86742062886034,42,21.428571428571427,-3.009919004215411,0.8642737220376767,7.992853313587165
10,30,1.0,3.0,0.6,338,14.792899408284024,-66.1005978514754,0.5434147037675053,66.1005978514754,118,16.94915254237288,-21.857547079390883,0.6531901144937091,31.669268599453133
10,30,1.5,1.5,0.25,0,0.0,0.0,0.0,0.0,0,0.0,0.0,0.0,0.0
10,30,1.5,1.5,0.4,88,34.090909090909086,-23.14259801108759,0.5161284793094176,23.904848023584556,19,42.10526315789473,-2.7142210610569095,0.7219588798051924,4.520225633096192
10,30,1.5,1.5,0.6,276,36.231884057971016,-47.9493320958599,0.5768299451831151,47.9493320958599,94,35.1063829787234,-19.819348746310016,0.5277820873871901,20.426700480369608
10,30,1.5,2.0,0.25,0,0.0,0.0,0.0,0.0,0,0.0,0.0,0.0,0.0
10,30,1.5,2.0,0.4,74,25.675675675675674,-24.911639643439653,0.4529906899858677,25.145994432305812,20,40.0,-1.3397215859834222,0.8752201454975339,5.127017976314127
10,30,1.5,2.0,0.6,261,30.268199233716476,-49.05075712649876,0.5856616646452638,49.05075712649876,94,29.78723404255319,-18.95183820131644,0.5782350933065434,20.757252875502743
10,30,1.5,3.0,0.25,0,0.0,0.0,0.0,0.0,0,0.0,0.0,0.0,0.0
10,30,1.5,3.0,0.4,81,20.98765432098765,-25.00960594892464,0.5319587120204905,27.27530786788485,16,25.0,-3.6404560951701193,0.6523391783103328,5.343584720691069
10,30,1.5,3.0,0.6,226,22.123893805309734,-49.26858236542565,0.574896934472149,49.268582365425644,92,26.08695652173913,-13.258229506636198,0.7148547457225545,18.34860675523922
10,30,2.0,1.5,0.25,0,0.0,0.0,0.0,0.0,0,0.0,0.0,0.0,0.0
10,30,2.0,1.5,0.4,0,0.0,0.0,0.0,0.0,0,0.0,0.0,0.0,0.0
10,30,2.0,1.5,0.6,125,39.2,-31.324325459503733,0.47600737855299796,31.324325459503733,58,48.275862068965516,-8.063343332397688,0.6789633181991646,12.620263946969121
10,30,2.0,2.0,0.25,0,0.0,0.0,0.0,0.0,0,0.0,0.0,0.0,0.0
10,30,2.0,2.0,0.4,0,0.0,0.0,0.0,0.0,0,0.0,0.0,0.0,0.0
10,30,2.0,2.0,0.6,124,33.87096774193548,-32.03953560747412,0.5034203936087085,32.03953560747413,55,41.81818181818181,-7.68818736239818,0.7080638899601397,13.659933894050056
10,30,2.0,3.0,0.25,0,0.0,0.0,0.0,0.0,0,0.0,0.0,0.0,0.0
10,30,2.0,3.0,0.4,0,0.0,0.0,0.0,0.0,0,0.0,0.0,0.0,0.0
10,30,2.0,3.0,0.6,112,25.892857142857146,-32.295015289899155,0.5054310660195545,32.295015289899155,58,36.206896551724135,-5.064703993556973,0.8353976410350176,14.640650806819943
20,50,1.0,1.5,0.25,50,30.0,-10.542108813773298,0.6493492823726903,10.903522581164253,2,50.0,0.2816107609493246,1.2829566181057006,0.9826959952876388
20,50,1.0,1.5,0.4,209,24.880382775119617,-48.56280939129327,0.49527704497199254,50.756287755467945,25,16.0,-9.46031007686,0.3012001299386121,9.460310076860006
20,50,1.0,1.5,0.6,304,23.684210526315788,-63.80501859600988,0.47104117696239517,65.26070947202089,71,16.901408450704224,-26.186702154805975,0.29860238970656167,26.82765196416858
20,50,1.0,2.0,0.25,55,30.909090909090907,-2.7991847484681753,0.9146420687981082,6.627261545174075,2,50.0,0.7072288785584968,1.710608824140839,0.9785834775726149
20,50,1.0,2.0,0.4,194,19.587628865979383,-48.679105425233594,0.4879578719724672,50.83049121650875,25,12.0,-10.250362860796503,0.2808963063323598,10.250362860796503
20,50,1.0,2.0,0.6,306,19.934640522875817,-63.081459396898886,0.5007756783179372,63.48972274841189,71,9.859154929577464,-29.548482710072253,0.22332472192355057,30.40308245588907
20,50,1.0,3.0,0.25,63,23.809523809523807,-2.0365231046024945,0.9520105545341883,16.36938128669523,3,33.33333333333333,0.5461803125888176,1.2720660462263438,1.9575385604325444
20,50,1.0,3.0,0.4,196,14.285714285714285,-49.8711333657502,0.5134950788663856,51.55950164239683,25,12.0,-8.24836433713526,0.4213444594985297,8.248364337135262
20,50,1.0,3.0,0.6,320,15.625,-62.37060446017606,0.548942606931363,62.83052869109243,71,9.859154929577464,-26.594706251237675,0.32396482583477465,27.876605869962894
20,50,1.5,1.5,0.25,0,0.0,0.0,0.0,0.0,0,0.0,0.0,0.0,0.0
20,50,1.5,1.5,0.4,118,38.983050847457626,-22.33111126028202,0.6293206060204317,24.807080001927794,14,14.285714285714285,-8.832637192547221,0.16347942948476996,8.832637192547226
20,50,1.5,1.5,0.6,235,36.17021276595745,-42.90853891874995,0.5696850522366013,44.94972999941183,54,31.48148148148148,-13.622576794004038,0.45999176501584293,15.47014556654151
20,50,1.5,2.0,0.25,0,0.0,0.0,0.0,0.0,0,0.0,0.0,0.0,0.0
20,50,1.5,2.0,0.4,100,31.0,-23.59993278899989,0.5899513192509694,24.96352504172223,14,14.285714285714285,-8.257256048325946,0.21797257264634198,8.257256048325944
20,50,1.5,2.0,0.6,284,32.74647887323944,-42.530185064562346,0.6664884636158531,42.530185064562346,51,21.568627450980394,-16.09321351740102,0.39051553186754817,17.94714505466396
20,50,1.5,3.0,0.25,0,0.0,0.0,0.0,0.0,0,0.0,0.0,0.0,0.0
20,50,1.5,3.0,0.4,86,22.093023255813954,-24.733329468602093,0.556212836135999,25.156172668306674,15,13.333333333333334,-8.050967777554652,0.3001139218859469,8.893410376889245
20,50,1.5,3.0,0.6,306,26.143790849673206,-42.54765848855556,0.721338948427332,42.54765848855556,52,21.153846153846153,-11.851278697782796,0.5661797375978591,15.127608195117773
20,50,2.0,1.5,0.25,0,0.0,0.0,0.0,0.0,0,0.0,0.0,0.0,0.0
20,50,2.0,1.5,0.4,0,0.0,0.0,0.0,0.0,0,0.0,0.0,0.0,0.0
20,50,2.0,1.5,0.6,112,40.17857142857143,-27.461560238580773,0.49355077084424515,27.461560238580766,34,32.35294117647059,-12.160906566688823,0.3549532158119767,13.92647387595991
20,50,2.0,2.0,0.25,0,0.0,0.0,0.0,0.0,0,0.0,0.0,0.0,0.0
20,50,2.0,2.0,0.4,0,0.0,0.0,0.0,0.0,0,0.0,0.0,0.0,0.0
20,50,2.0,2.0,0.6,113,35.39823008849557,-27.758831832865383,0.5330073220015493,27.758831832865383,30,23.333333333333332,-12.668526837208027,0.31053548574152967,14.265867001830804
20,50,2.0,3.0,0.25,0,0.0,0.0,0.0,0.0,0,0.0,0.0,0.0,0.0
20,50,2.0,3.0,0.4,0,0.0,0.0,0.0,0.0,0,0.0,0.0,0.0,0.0
20,50,2.0,3.0,0.6,130,30.0,-26.847324388932424,0.6366824052365223,27.641900549980726,33,21.21212121212121,-12.508987854103582,0.4062526489909386,14.769004552036966
50,100,1.0,1.5,0.25,15,26.666666666666668,-4.644729574158357,0.5281285186740183,6.027688482473641,1,0.0,-0.9854389076127679,0.0,0.98543890761277
50,100,1.0,1.5,0.4,146,24.65753424657534,-34.6037939264383,0.4896258175278316,36.55759960664641,10,10.0,-5.235549786655758,0.15434390356283514,5.235549786655756
50,100,1.0,1.5,0.6,223,22.421524663677133,-51.429427583611,0.44147818855693904,52.27649210204807,28,10.714285714285714,-13.846975951545426,0.20118493269859894,13.84697595154543
50,100,1.0,2.0,0.25,16,25.0,-3.8875599736613142,0.6406684344822885,5.731505184748185,1,0.0,-0.9854389076127679,0.0,0.98543890761277
50,100,1.0,2.0,0.4,144,20.833333333333336,-33.599672011734995,0.5214821747185819,36.2166062390892,10,10.0,-4.917029766214687,0.20579187141709823,4.917029766214691
50,100,1.0,2.0,0.6,227,19.823788546255507,-49.7143442744712,0.4895092662713787,50.94940640084468,27,7.4074074074074066,-15.117189580298362,0.12483022950057805,15.117189580298362
50,100,1.0,3.0,0.25,16,18.75,-3.7955548600549838,0.6745442911711803,7.098582044360721,1,0.0,-0.9854389076127679,0.0,0.98543890761277
50,100,1.0,3.0,0.4,134,14.17910447761194,-34.63136179457788,0.5042538162238223,39.5202209017628,10,10.0,-4.2799897253326336,0.3086878071256244,4.279989725332634
50,100,1.0,3.0,0.6,219,14.15525114155251,-51.156589816457945,0.49110167709474445,53.125273299645016,27,7.4074074074074066,-14.526680793425806,0.18210468064517213,14.526680793425802
50,100,1.5,1.5,0.25,0,0.0,0.0,0.0,0.0,0,0.0,0.0,0.0,0.0
50,100,1.5,1.5,0.4,59,35.59322033898305,-15.10725705290099,0.5309293259985801,17.240374496330553,6,50.0,0.13608647368641424,1.0506633292121759,1.7240904715092258
50,100,1.5,1.5,0.6,159,38.36477987421384,-26.142383369751677,0.6237785421008988,26.911049024363276,22,36.36363636363637,-3.9750036780427545,0.5977276953737775,3.975003678042758
50,100,1.5,2.0,0.25,0,0.0,0.0,0.0,0.0,0,0.0,0.0,0.0,0.0
50,100,1.5,2.0,0.4,55,29.09090909090909,-15.9662935599877,0.5174513867413385,18.527632249019618,6,50.0,1.0768133579207806,1.400884438949603,1.7240904715092258
50,100,1.5,2.0,0.6,156,33.33333333333333,-25.291534309690377,0.6566703128364955,26.4995895797812,22,22.727272727272727,-7.052521009079005,0.41444081402816557,7.05252100907901
50,100,1.5,3.0,0.25,0,0.0,0.0,0.0,0.0,0,0.0,0.0,0.0,0.0
50,100,1.5,3.0,0.4,37,13.513513513513514,-19.249772483464646,0.2877289228006758,22.46409264422845,7,42.857142857142854,1.957179876809767,1.5308065021240176,1.9216124118949014
50,100,1.5,3.0,0.6,165,27.27272727272727,-23.189401315897783,0.7309142356457536,25.628140124590498,22,18.181818181818183,-6.168092914099377,0.5097371494482457,6.16809291409938
50,100,2.0,1.5,0.25,0,0.0,0.0,0.0,0.0,0,0.0,0.0,0.0,0.0
50,100,2.0,1.5,0.4,0,0.0,0.0,0.0,0.0,0,0.0,0.0,0.0,0.0
50,100,2.0,1.5,0.6,107,53.271028037383175,-5.776176266041033,0.8667494076119365,11.879742781618747,14,50.0,-1.5540900888078246,0.7385516308716692,2.7248286829544077
50,100,2.0,2.0,0.25,0,0.0,0.0,0.0,0.0,0,0.0,0.0,0.0,0.0
50,100,2.0,2.0,0.4,0,0.0,0.0,0.0,0.0,0,0.0,0.0,0.0,0.0
50,100,2.0,2.0,0.6,114,49.122807017543856,-1.0592603225733521,0.9791100178391232,9.712586734205374,14,42.857142857142854,-1.7022126321776687,0.7478164578805367,2.6047764197474033
50,100,2.0,3.0,0.25,0,0.0,0.0,0.0,0.0,0,0.0,0.0,0.0,0.0
50,100,2.0,3.0,0.4,0,0.0,0.0,0.0,0.0,0,0.0,0.0,0.0,0.0
50,100,2.0,3.0,0.6,122,40.16393442622951,0.08748488653489428,1.0013396901700284,14.828040474534157,13,23.076923076923077,-4.752560371327686,0.4335558633271482,4.75256037132769
