direction,sl_atr,tp_atr,holding_bars,trades,wins,losses,win_rate,total_r,average_r,profit_factor,max_drawdown_r,stop_loss_count,take_profit_count,time_exit_count,skipped_count
BUY,1.0,1.5,12,6123,1266,4856,20.67613914747673,-3062.7818627798774,-0.5002093520790262,0.3630340678877193,3064.7818627798724,4781,1109,233,54
BUY,1.0,1.5,24,6068,1227,4841,20.220830586684247,-3022.944360515457,-0.4981780422734768,0.37418500015452943,3025.444360515455,4826,1191,51,108
BUY,1.0,1.5,48,5958,1192,4766,20.006713662302786,-2979.0678165632003,-0.5000113824375966,0.3744983721224635,2981.0678165632016,4762,1186,10,216
BUY,1.0,2.0,12,6123,1131,4990,18.471337579617835,-3048.867815811124,-0.4979369289255469,0.38116670250801593,3048.867815811119,4892,818,413,54
BUY,1.0,2.0,24,6068,1056,5011,17.402768622280817,-2996.7198488740974,-0.4938562704143206,0.39996478331498836,2996.87692087826,4987,965,116,108
BUY,1.0,2.0,48,5958,1016,4942,17.05270224907687,-2931.510808980549,-0.4920293402115725,0.4063195916744378,2931.5108089805462,4937,995,26,216
BUY,1.0,3.0,12,6123,1030,5090,16.82181936959007,-3011.522349535451,-0.4918377183628044,0.39951822809809656,3011.754059086255,4977,439,707,54
BUY,1.0,3.0,24,6068,892,5175,14.700065919578115,-2927.8128676020024,-0.4825004725777855,0.43142594665556355,2926.8128676020056,5137,629,302,108
BUY,1.0,3.0,48,5958,793,5165,13.309835515273583,-2934.8975692383565,-0.4925977793283579,0.4307758017838708,2933.897569238355,5154,707,97,216
BUY,1.5,1.5,12,6123,1999,4122,32.64739506777723,-2131.4938489140795,-0.34811266518276657,0.45590503268848226,2132.4938489140827,3798,1661,664,54
BUY,1.5,1.5,24,6068,1990,4077,32.79499011206328,-2088.994523872042,-0.34426409424390936,0.4804599413229782,2089.9945238720456,3991,1898,179,108
BUY,1.5,1.5,48,5958,1946,4012,32.66196710305472,-2069.1421557840436,-0.34728804225982607,0.48288500805683254,2070.142155784048,3998,1925,35,216
BUY,1.5,2.0,12,6123,1823,4297,29.772987097827862,-2111.5564839811814,-0.3448565219632829,0.4782584076406919,2110.8898173145185,3906,1219,998,54
BUY,1.5,2.0,24,6068,1773,4293,29.218852999340804,-2025.9365663755796,-0.33387220935655565,0.5190929021330425,2026.987835246532,4168,1563,337,108
BUY,1.5,2.0,48,5958,1720,4237,28.86874790198053,-1980.611483745945,-0.33242891637226335,0.5311357913777379,1980.9448170792812,4220,1661,77,216
BUY,1.5,3.0,12,6123,1702,4417,27.796831618487673,-2051.274164847092,-0.33501129590839324,0.5043283760560507,2050.7619712142955,3982,652,1489,54
BUY,1.5,3.0,24,6068,1551,4515,25.56031641397495,-1957.2264665925136,-0.322548857381759,0.556319483962391,1956.2264665925175,4356,1008,704,108
BUY,1.5,3.0,48,5958,1398,4559,23.464249748237663,-1978.4795328255532,-0.3320710864091227,0.5633238244375768,1977.4795328255577,4520,1196,242,216
BUY,2.0,1.5,12,6123,2454,3666,40.078392944634984,-1630.7285393967895,-0.26632835854920617,0.4961721061904762,1631.5236324482137,2998,1966,1159,54
BUY,2.0,1.5,24,6068,2528,3539,41.66117336849044,-1577.5756519680513,-0.2599828035543921,0.5340487133035704,1581.0098068260484,3309,2347,412,108
BUY,2.0,1.5,48,5958,2524,3434,42.36320913058073,-1530.2789337408608,-0.2568443997550958,0.5495976082612737,1535.6492823728609,3382,2473,103,216
BUY,2.0,2.0,12,6123,2265,3854,36.99167074963253,-1610.3142655963575,-0.2629943272246215,0.520192972815853,1610.5154010937854,3092,1438,1593,54
BUY,2.0,2.0,24,6068,2278,3788,37.54119973632169,-1535.62686325288,-0.2530696874180751,0.5715034808030257,1535.41531490609,3488,1926,654,108
BUY,2.0,2.0,48,5958,2250,3707,37.764350453172206,-1481.7324882894038,-0.248696288736053,0.5944784137920105,1483.4624934933395,3627,2130,201,216
BUY,2.0,3.0,12,6123,2137,3981,34.90119222603299,-1560.5761690292438,-0.25487116920288155,0.5465773800157215,1560.8931593020734,3158,762,2203,54
BUY,2.0,3.0,24,6068,2017,4049,33.23994726433751,-1501.293902478359,-0.24741165169386273,0.604131870333795,1500.2939024783611,3672,1241,1155,108
BUY,2.0,3.0,48,5958,1865,4090,31.30245048674052,-1513.900007140601,-0.25409533520318917,0.6218012663173126,1512.9000071406053,3963,1538,457,216
SELL,1.0,1.5,12,6123,1121,5000,18.30801894496162,-3358.5956569095333,-0.5485212570487561,0.3197984233729266,3359.7758895061525,4903,1009,211,54
SELL,1.0,1.5,24,6068,1094,4973,18.029004614370468,-3342.757786470337,-0.5508829575593832,0.32626382545918103,3346.2577864703367,4954,1071,43,108
SELL,1.0,1.5,48,5958,1071,4887,17.97583081570997,-3277.847559122386,-0.5501590397989906,0.328767168344247,3280.347559122386,4880,1069,9,216
SELL,1.0,2.0,12,6123,1001,5119,16.348195329087048,-3348.393561347577,-0.5468550647309451,0.3358594142598941,3351.601936869658,5000,752,371,54
SELL,1.0,2.0,24,6068,937,5130,15.44166117336849,-3322.705884239084,-0.5475784252206796,0.34999948069104864,3329.705884239084,5102,867,99,108
SELL,1.0,2.0,48,5958,896,5062,15.03860355824102,-3276.803596754511,-0.5499838195291223,0.35194181631560567,3282.8035967545097,5051,886,21,216
SELL,1.0,3.0,12,6123,887,5233,14.486362894006206,-3373.0152000496846,-0.5508762371467719,0.3437022073668219,3379.030877941153,5090,419,614,54
SELL,1.0,3.0,24,6068,757,5309,12.475280158206987,-3365.7118549208008,-0.5546657638300595,0.36215609368910545,3379.019725246458,5259,566,243,108
SELL,1.0,3.0,48,5958,679,5279,11.396441758979524,-3295.9227035432164,-0.5531928001918792,0.37464455909171623,3305.92270354322,5263,646,49,216
SELL,1.5,1.5,12,6123,1797,4323,29.348358647721707,-2458.9649483368835,-0.4015947980298683,0.40018807742137746,2463.2829588368963,3961,1557,605,54
SELL,1.5,1.5,24,6068,1789,4277,29.482531311799605,-2462.4970417813074,-0.4058169152573018,0.41531162979012987,2466.497041781303,4169,1726,173,108
SELL,1.5,1.5,48,5958,1761,4197,29.556898288016114,-2432.372138051972,-0.408253128239673,0.41902587727419643,2436.372138051968,4182,1751,25,216
SELL,1.5,2.0,12,6123,1640,4479,26.78425608361914,-2426.1100868680987,-0.3962289869129673,0.424705564764651,2430.1125578716733,4062,1176,885,54
SELL,1.5,2.0,24,6068,1580,4485,26.038233355306527,-2414.007853039306,-0.39782594809480987,0.4502700635618279,2421.0078530393007,4334,1425,309,108
SELL,1.5,2.0,48,5958,1515,4443,25.42799597180262,-2427.917419207616,-0.4075054412903015,0.4508450065651488,2433.9174192076107,4411,1484,63,216
SELL,1.5,3.0,12,6123,1491,4628,24.35080842724155,-2420.1992151061086,-0.3952636314071711,0.44111764758559296,2426.8763337004166,4155,676,1292,54
SELL,1.5,3.0,24,6068,1337,4727,22.033618984838498,-2395.6271440396395,-0.3947968266380421,0.47916349281692805,2407.499057590069,4525,970,573,108
SELL,1.5,3.0,48,5958,1218,4740,20.44310171198389,-2380.0817209952465,-0.39947662319490546,0.49375112095828616,2390.0817209952406,4677,1131,150,216
SELL,2.0,1.5,12,6123,2235,3884,36.50171484566389,-1911.7627809914688,-0.31222648717809387,0.4398734849070645,1917.6403450653413,3106,1883,1134,54
SELL,2.0,1.5,24,6068,2310,3756,38.06855636123929,-1919.252924840558,-0.31629085775223437,0.465495245812701,1925.5029248405563,3479,2185,404,108
SELL,2.0,1.5,48,5958,2298,3660,38.56998992950655,-1910.0967725132396,-0.3205936174073917,0.4725250654102291,1916.59677251324,3598,2274,86,216
SELL,2.0,2.0,12,6123,2059,4058,33.62730687571452,-1874.2581226444036,-0.3061012775836034,0.4682717899965259,1878.7599758970857,3190,1436,1497,54
SELL,2.0,2.0,24,6068,2066,3998,34.04746209624258,-1873.834919417945,-0.3088060183615598,0.5036743661321174,1881.8349194179452,3631,1816,621,108
SELL,2.0,2.0,48,5958,2024,3934,33.97113125209802,-1889.9601897906168,-0.31721386199909646,0.512051152378545,1897.9601897906173,3841,1959,158,216
SELL,2.0,3.0,12,6123,1877,4239,30.65490772497142,-1875.7643775610081,-0.30634727708002746,0.48518762476596183,1883.0345273752355,3279,827,2017,54
SELL,2.0,3.0,24,6068,1772,4291,29.20237310481213,-1871.1534203719389,-0.3083641101469906,0.5321036167927101,1882.2972194195925,3825,1235,1008,108
SELL,2.0,3.0,48,5958,1671,4287,28.046324269889222,-1857.5123869675162,-0.31176777223355423,0.5564107075927244,1870.0123869675192,4131,1497,330,216
